Gene,RPKM,mRNA per cell cycle,Time to refire
dnaA,453.919,14.46105338,124.4722603
dnaN,407.802,13.30720604,135.2650582
rlbA,585.2400224,17.74670536,101.427277
recF,624.945,18.7401239,96.05059228
remB,585.2400224,17.74670536,101.427277
gyrB,675.245,19.9986299,90.00616587
gyrA,798.482,23.08201964,77.98277742
rrnO16S,585.2400224,17.74670536,101.427277
trnOIle,585.2400224,17.74670536,101.427277
trnOAla,585.2400224,17.74670536,101.427277
rrnO23S,585.2400224,17.74670536,101.427277
rrnO5S,585.2400224,17.74670536,101.427277
yaaC,7.2689,3.285867878,547.8004798
guaB,1849.28196,49.37303464,36.45714737
dacA,1135,31.5017,57.13977341
pdxS,519.055,16.0907561,111.8654704
pdxT,678.039,20.06853578,89.69264224
tboS,585.2400224,17.74670536,101.427277
serS,438.643,14.07884786,127.8513709
trnSLSer1,585.2400224,17.74670536,101.427277
dck,302.108,10.66274216,168.8121098
dgk,585.2400224,17.74670536,101.427277
sleL,585.2400224,17.74670536,101.427277
yaaI,33.3426,3.938231852,457.0579051
tadA,73.05163539,4.931751917,364.9818625
scr,585.2400224,17.74670536,101.427277
dnaX,282.058,10.16109116,177.1463292
ebfC,585.2400224,17.74670536,101.427277
recR,397.244,13.04304488,138.0045853
yaaL,474.4334586,14.97432513,120.2057511
bofA,57.42765706,4.54083998,396.4024295
rrnA16S,585.2400224,17.74670536,101.427277
trnAIle,585.2400224,17.74670536,101.427277
trnAAla,585.2400224,17.74670536,101.427277
rrnA23S,585.2400224,17.74670536,101.427277
rrnA5S,585.2400224,17.74670536,101.427277
csfB,19.70099768,3.596918962,500.4282885
xpaC,106.975,5.7805145,311.390967
yaaN,107.718,5.79910436,310.3927587
yaaO,165.6522204,7.248618554,248.3231786
tmk,182.1061028,7.660294692,234.9779052
darA,585.2400224,17.74670536,101.427277
yaaR,283.693,10.20199886,176.4360127
holB,306.145,10.7637479,167.2279969
ricT,585.2400224,17.74670536,101.427277
dnaH,355.7283282,12.00432277,149.9459848
trmNF,585.2400224,17.74670536,101.427277
yazA,161.7515461,7.151023683,251.7122135
rsmI,140.502,6.61936004,271.9296109
abrB,2799.300959,73.14250999,24.6094918
metS,351.723,11.90410946,151.208287
dayD,585.2400224,17.74670536,101.427277
yabE,436.564,14.02683128,128.3254902
rnmV,267.5651176,9.798479242,183.7019761
rsmA,585.2400224,17.74670536,101.427277
prtG,585.2400224,17.74670536,101.427277
veg,435.8130006,14.00804128,128.4976225
sspF,11.0022084,3.379275254,532.6585923
ispE,272.237,9.91536974,181.5363468
purR,586.8979068,17.78818563,101.1907587
ridA,585.2400224,17.74670536,101.427277
spoVG,151.1235753,6.885111854,261.4336612
glmU,585.2400224,17.74670536,101.427277
prs,1094.75,30.494645,59.02675699
ctc,1729.47,46.3753394,38.81373211
pth,330.356,11.36950712,158.3182086
fin,377.521,12.54957542,143.4311473
mfd,256.852,9.53043704,188.8685684
spoVT,280.272,10.11640544,177.9288118
yabM,77.8625,5.05211975,356.2860916
yabN,159.2103298,7.087442452,253.9703161
hslR,214.6963587,8.475702895,212.371767
spcP,585.2400224,17.74670536,101.427277
spcQ,585.2400224,17.74670536,101.427277
divIC,562.2965577,17.17265987,104.8177751
yabR,1937.405092,51.5778754,34.89868448
trnSLMet1,585.2400224,17.74670536,101.427277
trnSLGlu1,585.2400224,17.74670536,101.427277
spoIIE,35.1957,3.984596414,451.7396025
yabS,44.0998,4.207376996,427.8199937
prkT,585.2400224,17.74670536,101.427277
tilS,571.323,17.39850146,103.4571859
hprT,1166.19,32.2820738,55.75849963
ftsH,2310.88,60.9222176,29.54587129
coaX,251.6439447,9.400131496,191.486683
hslO,313.857,10.95670214,164.2830093
yacD,118.25,6.062615,296.9015845
cysK,288.176,10.31416352,174.517303
pabB,84.7267,5.223862034,344.572653
pabA,225.837,8.75444174,205.6099125
pabC,161.588,7.14693176,251.8563295
folP,173.5312037,7.445750717,241.7486253
folB,178.9301123,7.58083141,237.4409748
folK,336.546,11.52438092,156.1906026
yazB,522.6777283,16.18139676,111.238852
dusB,688.739,20.33624978,88.51189474
lysS,796.894,23.04228788,78.11724293
rrnJ16S,585.2400224,17.74670536,101.427277
rrnJ23S,585.2400224,17.74670536,101.427277
rrnJ5S,585.2400224,17.74670536,101.427277
trnJVal,585.2400224,17.74670536,101.427277
trnJThr,585.2400224,17.74670536,101.427277
trnJLys,585.2400224,17.74670536,101.427277
trnJLeu1,585.2400224,17.74670536,101.427277
trnJGly,585.2400224,17.74670536,101.427277
trnJLeu2,585.2400224,17.74670536,101.427277
trnJArg,585.2400224,17.74670536,101.427277
trnJPro,585.2400224,17.74670536,101.427277
trnJAla,585.2400224,17.74670536,101.427277
rrnW16S,585.2400224,17.74670536,101.427277
rrnW23S,585.2400224,17.74670536,101.427277
rrnW5S,585.2400224,17.74670536,101.427277
ctsR,141.834,6.65268668,270.5673793
mcsA,163.6143489,7.197631009,250.0822837
mcsB,167.928,7.30555856,246.3877314
clpC,202.4211245,8.168576535,220.3566303
radA,111.7555811,5.900124639,305.0783009
disA,118.206,6.06151412,296.9555072
yacL,163.743,7.20084986,249.9704945
ispD,131.288,6.38882576,281.7419143
ispF,70.40904448,4.865634293,369.94149
gltX,835.551,24.00948602,74.9703679
cysE,158.319,7.06514138,254.7719717
cysS,163.343,7.19084186,250.318396
mrnC,172.553,7.42127606,242.5458891
rlmB,166.996,7.28223992,247.1766956
raeA,585.2400224,17.74670536,101.427277
sigH,280.168,10.11380336,177.9745894
rpmGB,853.1499111,24.44981078,73.62020167
secE,992.1659758,27.92799271,64.45146339
nusG,1103.96763,30.7252701,58.5836998
rplK,18903.6,476.072072,3.780940126
rplA,11832.1,299.143142,6.017186247
ldlJ,585.2400224,17.74670536,101.427277
rplJ,20355.4,512.396108,3.512907245
rplL,18624.7,469.093994,3.837184068
rlmG,585.2400224,17.74670536,101.427277
rpoB,2944.938181,76.78635329,23.44166539
rpoC,3550.56,91.9390112,19.5781962
rulS,585.2400224,17.74670536,101.427277
rpsL,21115.44331,531.4123916,3.3871999
rpsG,17720.9,446.480918,4.031527278
fusA,15770.2,397.674404,4.526315956
tufA,20415.2,513.892304,3.502679425
ybaC,78.7438,5.074169876,354.7378279
rpsJ,14367.11344,362.5691783,4.96456982
rplC,14888.46663,375.6134351,4.792160854
rplD,13262.3,334.926746,5.374309521
rplW,15736.1,396.821222,4.536047722
rplB,14429.7,364.135094,4.943220331
rpsS,585.2400224,17.74670536,101.427277
rplV,16350.6,412.196012,4.366854476
rpsC,12315.8,311.245316,5.783219562
rplP,11168.91966,282.5503699,6.370545544
rpmC,9801.969587,248.3492791,7.247856755
rpsQ,14061.62902,354.9259581,5.071480288
rplNA,15060.2,379.910204,4.737961711
rplX,16520.3,416.441906,4.322331576
rplE,11234.40051,284.1887008,6.33381973
rpsNA,13198.5081,333.3306727,5.400043103
rpsH,13070.00665,330.1155664,5.452635935
rplF,12024.8,303.964496,5.921744229
rplR,15851.7,399.713534,4.503225052
rpsE,10726.4,271.478528,6.630358626
rpmD,11489.23239,290.5645944,6.194835967
rplO,14450.7,364.660514,4.936097907
secY,11705.3,295.970606,6.081685017
adk,10809.38222,273.5547431,6.580035788
mapA,11209.8,283.573196,6.34756749
ybzG,15495.1,390.791402,4.606037878
infA,16698.1,420.890462,4.276647162
rpmJ,10121.95922,256.3554197,7.021501641
rpsM,9067.874456,229.9822189,7.826692032
rpsK,9794.576778,248.164311,7.253258911
rpoA,13044.56167,329.478933,5.463171753
rplQ,8995.995987,228.1838196,7.888377025
ecfA,257.595,9.5490269,188.5008827
ecfAB,292.179,10.41431858,172.8389607
ecfT,323.209,11.19068918,160.8480024
truA,1281.69,35.1718838,51.17724175
ldlM,585.2400224,17.74670536,101.427277
rplM,13519.69384,341.3667399,5.272921435
rpsI,8172.57124,207.5817324,8.671283253
ybaJ,127.4947868,6.293919566,285.9903088
ybaK,4.881655614,3.226139023,557.9424777
cwlD,6.112939997,3.256945759,552.6650222
salA,395.718,13.00486436,138.4097481
gerD,50.57420136,4.369366518,411.9590317
kbaA,32.17964086,3.909134614,460.4599681
pdaB,585.2400224,17.74670536,101.427277
rrnI16S,585.2400224,17.74670536,101.427277
rrnI23S,585.2400224,17.74670536,101.427277
rrnI5S,585.2400224,17.74670536,101.427277
trnIAsn,585.2400224,17.74670536,101.427277
trnIThr,585.2400224,17.74670536,101.427277
trnIGly,585.2400224,17.74670536,101.427277
trnIArg,585.2400224,17.74670536,101.427277
trnIPro,585.2400224,17.74670536,101.427277
trnIAla,585.2400224,17.74670536,101.427277
rrnH16S,585.2400224,17.74670536,101.427277
rrnH23S,585.2400224,17.74670536,101.427277
rrnH5S,585.2400224,17.74670536,101.427277
rrnG16S,585.2400224,17.74670536,101.427277
rrnG23S,585.2400224,17.74670536,101.427277
rrnG5S,585.2400224,17.74670536,101.427277
ybaR,140.491,6.61908482,271.9409177
ybaS,63.6324,4.696082648,383.2981945
eesA,585.2400224,17.74670536,101.427277
feuC,40.1588,4.108773176,438.0869722
feuB,40.45633757,4.116217566,437.2946695
feuA,60.421,4.61573342,389.9705282
btr,29.0489,3.830803478,469.8753174
ybbC,5.79666,3.249032433,554.0110901
nagZ,4.71878,3.222063876,558.6481428
amiE,3.8098,3.199321196,562.6193463
murP,585.2400224,17.74670536,101.427277
murR,585.2400224,17.74670536,101.427277
murQ,10.4061,3.364360622,535.0199346
ybbJ,8.53123,3.317451375,542.5851947
ybbK,10.7168698,3.372136082,533.7862874
trnSLGlu2,585.2400224,17.74670536,101.427277
trnSLVal1,585.2400224,17.74670536,101.427277
trnSLThr1,585.2400224,17.74670536,101.427277
trnSLTyr1,585.2400224,17.74670536,101.427277
trnSLGln2,585.2400224,17.74670536,101.427277
sigW,803.7942798,23.21493288,77.53629999
rsiW,739.84,21.6147968,83.27628599
cdaA,585.2400224,17.74670536,101.427277
cdaR,585.2400224,17.74670536,101.427277
glmM,383.388,12.69636776,141.7728309
glmSA,585.2400224,17.74670536,101.427277
glmS,977.404,27.55864808,65.3152504
ybbU,585.2400224,17.74670536,101.427277
alkA,23.22379187,3.685059273,488.4589003
adaA,3.55059,3.192835762,563.7621645
adaB,6.028804586,3.254840691,553.0224582
ndhF,53.7069,4.447746638,404.699311
ybcC,71.7715,4.89972293,367.3677115
ybcF,88.7512839,5.324557123,338.0562849
ybcH,119.0043417,6.081488629,295.9801637
ybcI,118.822,6.07692644,296.2023677
ybzH,188.1067263,7.810430292,230.4610543
ybcL,14.8255,3.47493401,517.9954482
ybcM,585.2400224,17.74670536,101.427277
skfA,585.2400224,17.74670536,101.427277
skfB,4.30484,3.211707097,560.4496132
skfC,5.215,3.2344793,556.5037934
skfE,8.79472,3.324043894,541.5090947
skfF,5.06376,3.230695275,557.155611
skfG,7.145161749,3.282771947,548.3171019
skfH,8.797435684,3.324111841,541.498026
ybdG,12.70618852,3.421908837,526.0221958
ybdJ,18.3262,3.562521524,505.2601052
ybdK,21.97491878,3.653812468,492.6361207
ybzI,131.122,6.38467244,281.9251915
ybdM,23.8538,3.700822076,486.3784216
ybdN,4.34128,3.212618826,560.2905597
ybdO,8.19225,3.308970095,543.9759044
ybxG,77.64381637,5.046648286,356.6723691
csgA,2.037268666,3.154972462,570.5279592
ybxH,2.06126,3.155572725,570.4194315
ybxI,1.76628,3.148192326,571.7566825
cypC,18.1563,3.558270626,505.8637156
ybyB,347.2746004,11.7928105,152.6353705
ybeC,78.709,5.07329918,354.7987091
glpQA,1136.730326,31.54499276,57.06135404
glpT,878.28,25.0785656,71.77443992
ybeF,7.214875947,3.284516196,548.0259169
ybfA,6.50842,3.266840668,550.9910592
ybfB,12.25791356,3.410692997,527.7519851
ybfEc,585.2400224,17.74670536,101.427277
ybfEn,585.2400224,17.74670536,101.427277
ybfF,79.1065,5.08324463,354.1045397
ybfG,29.9074,3.852283148,467.2553732
ybfH,19.73536198,3.597778757,500.3086965
ybfI,14.0018,3.454325036,521.0858797
purT,27.0291,3.780268082,476.1567066
mpr,8.920873404,3.327200253,540.9953905
ybfJ,8.708302977,3.32188174,541.8615534
cesB,585.2400224,17.74670536,101.427277
pssA,289.8983211,10.35725599,173.791205
ybfM,300.023,10.61057546,169.6420714
psd,326.715,11.2784093,159.5969744
ybfN,60.17213496,4.609506817,390.4973073
ybfO,6.80523,3.274266855,549.7413864
ybfP,7.545971994,3.292800219,546.6471939
ybfQ,299.0578599,10.58642765,170.0290276
gltP,2.31866,3.162012873,569.2576445
gamP,39.2914,4.087070828,440.4132142
gamA,585.2400224,17.74670536,101.427277
gamR,585.2400224,17.74670536,101.427277
ybgB,31.2932,3.886955864,463.0873267
ilvE,6.54278,3.267700356,550.846101
ybgF,18.6137,3.569714774,504.2419672
ybgG,11.0998,3.381716996,532.2739904
glnT,1.39324,3.138858865,573.4568127
glsA,0.638784,3.119982376,576.9263359
glnJ,20.4583,3.615866666,497.8059664
glnL,29.2418,3.835629836,469.2840751
kdgD,585.2400224,17.74670536,101.427277
gucD,585.2400224,17.74670536,101.427277
gudP,3.93107,3.202355371,562.0862744
gudD,0.816847,3.124437512,576.1036965
garR,585.2400224,17.74670536,101.427277
garD,21.802,3.64948604,493.2201357
ycbJ,42.7687,4.174072874,431.2334869
tboW,585.2400224,17.74670536,101.427277
rtpA,45.90723235,4.252598953,423.270574
ycbK,47.6263,4.295610026,419.0324515
ycbL,14.24657232,3.460449239,520.1636769
ycbM,19.9473,3.603081446,499.5723874
ycbN,28.0168,3.804980336,473.0642056
ycbO,26.34265353,3.763093191,478.3299027
,585.2400224,17.74670536,101.427277
ycbP,108.1785821,5.810628124,309.777181
cwlJ,3.810744449,3.199344826,562.6151909
ycbR,17.1739,3.533690978,509.3824025
yczK,1.99217672,3.153844262,570.7320498
phoD,2.15261,3.157858302,570.0065765
tatAD,585.2400224,17.74670536,101.427277
tatCD,585.2400224,17.74670536,101.427277
pcp,7.32893,3.287369829,547.5501978
ycbU,8.38754,3.313856251,543.1738325
lmrB,155.347,6.99078194,257.4819263
lmrA,161.976,7.15663952,251.5146941
ansZ,5.593585659,3.243951513,554.8788238
estA,15.9937,3.504162374,513.6748266
yczC,16.91394777,3.527186973,510.3216851
yccF,399.502,13.09954004,137.4094048
natK,31.1861,3.884276222,463.4067963
natR,26.1653,3.758655806,478.8946083
natA,62.1746,4.659608492,386.2985491
natB,62.8022,4.675311044,385.0011225
yccK,33.44446201,3.940780439,456.7623159
ycdA,118.5871311,6.07105002,296.4890742
,585.2400224,17.74670536,101.427277
ycdB,19.4083,3.589595666,501.4492348
ycdC,31.1178,3.882567356,463.6107593
cwlK,40.0936,4.107141872,438.2609747
rapJ,94.9049,5.478520598,328.5558515
ycdF,44.463,4.21646426,426.8979621
ycdG,38.5103,4.067527706,442.5292537
znuA,180.615,7.6229873,236.1279022
znuC,90.2774,5.362740548,335.6492793
znuB,77.269,5.03727038,357.3363874
yceB,22.8753,3.676340006,489.6173904
yceC,234.0085289,8.958893393,200.9176715
yceD,317.642,11.05140284,162.87525
yceE,356.721,12.02915942,149.6363908
yceF,402.109,13.16476718,136.7285859
yceG,63.3352,4.688646704,383.906085
yceH,85.8508,5.251987016,342.7274276
niaP,585.2400224,17.74670536,101.427277
yceJ,6.19216,3.258927843,552.3288905
yceK,71.75522375,4.899315698,367.3982472
opuAA,419.968,13.61159936,132.2401543
opuAB,498.343,15.57254186,115.5880662
opuAC,536.789,16.53446078,108.8635441
amhX,5.13295,3.232426409,556.857225
ycgA,4.28588,3.211232718,560.5324056
ycgB,48.0803,4.306969106,417.927307
amyE,61.7864,4.649895728,387.1054547
lctE,585.2400224,17.74670536,101.427277
lctP,10.7381,3.372667262,533.7022185
mdr,213,8.43326,213.4405912
ycgE,63.0863619,4.682420775,384.4165415
ycgF,66.3668,4.764497336,377.7943135
ycgG,52.07102472,4.406817038,408.458074
ycgH,4.44423,3.215194635,559.8416906
ycgI,1.226087939,3.13467672,574.2218929
nadE,459.378,14.59763756,123.3076238
tmrB,23.9464,3.703138928,486.0741212
aroK,57.347576,4.538836352,396.5774178
ycgJ,6.594827922,3.269002595,550.6266661
ycgK,25.3813,3.739040126,481.4069759
cah,31.8673,3.901319846,461.3823196
ycgL,33.4736,3.941509472,456.6778319
putB,1.2508,3.135295016,574.1086535
putC,39.63841854,4.095753232,439.4796019
putP,144.389,6.71661278,267.9922245
putR,33.6771,3.946601042,456.0886649
ycgQ,95.1826,5.485468652,328.1396931
ycgR,78.1934,5.060398868,355.703186
ycgS,18.6241,3.569974982,504.2052141
ffoR,585.2400224,17.74670536,101.427277
nasF,73.9458,4.954123916,363.3336651
nasE,59.31161157,4.587976521,392.3298194
nasD,6.07517,3.256000753,552.8254249
nasC,0.927713,3.127211379,575.5926868
nasB,1.95006,3.152790501,570.9228061
nasA,11.5242,3.392335484,530.6078979
folEB,1.62834,3.144741067,572.3841683
yciB,1.27344,3.135861469,574.0049482
yczL,1.62711,3.144710292,572.3897697
zinU,585.2400224,17.74670536,101.427277
yckA,221.247,8.63959994,208.3429803
yckB,237.3919115,9.043545626,199.0369789
,585.2400224,17.74670536,101.427277
yckC,63.1525,4.68407555,384.280736
yckD,3.00614,3.179213623,566.1777451
bglC,21.4456,3.640568912,494.4282181
nin,137.4062503,6.541904383,275.1492371
nucA,188.207,7.81293914,230.38705
tlpC,40.8957,4.127210414,436.1299327
hxlB,61.1208,4.633242416,388.4968319
hxlA,57.9245,4.55327099,395.3202003
hxlR,23.33334148,3.687800204,488.0958567
srfAA,123.737,6.19989974,290.3272755
srfAB,135.21,6.4869542,277.4799921
comS,585.2400224,17.74670536,101.427277
srfAC,114.673,5.97311846,301.3501259
srfAD,118.4911802,6.068649329,296.6063621
srfT,585.2400224,17.74670536,101.427277
ycxB,22.02069425,3.65495777,492.4817503
ycxC,8.85091,3.325449768,541.2801652
ycxD,25.7564,3.748425128,480.2016683
sfpAc,585.2400224,17.74670536,101.427277
sfpAn,585.2400224,17.74670536,101.427277
yczE,188.737581,7.826214277,229.9962583
tcyC,239.685,9.1009187,197.7822305
tcyB,257.369,9.54337238,188.6125709
tcyA,425.371303,13.74679,130.9396594
bsdA,22.9868,3.679129736,489.246134
ubiX,585.2400224,17.74670536,101.427277
bsdC,3.91276,3.201897255,562.1666957
bsdD,585.2400224,17.74670536,101.427277
yclD,5.312765525,3.236925393,556.0832522
yclE,19.7303,3.597652106,500.3263092
dtpT,133.951,6.45545402,278.8339897
yclG,5.6509,3.245385518,554.6336452
yczF,5.55787,3.243057907,555.0317174
gerKA,3.26064,3.185581213,565.0460245
gerKC,5.2114,3.234389228,556.519291
gerKB,9.15021,3.332938254,540.0640104
yclH,3.9313,3.202361126,562.0852643
yclI,3.66491,3.195696048,563.257573
yclJ,41.18201136,4.134373924,435.3742629
yclK,55.9609,4.504141718,399.6321858
rapC,144.3485775,6.715601409,268.0325842
phrC,62.88553637,4.67739612,384.8294978
yczM,16.46929755,3.516061825,511.9363907
yczN,12.93812822,3.427711968,525.1316379
thrD,585.2400224,17.74670536,101.427277
pbtN,585.2400224,17.74670536,101.427277
pbtO,585.2400224,17.74670536,101.427277
pbtP,585.2400224,17.74670536,101.427277
pbtQ,585.2400224,17.74670536,101.427277
ycnB,132.708,6.42435416,280.1838061
ycnC,132.5990096,6.42162722,280.3027859
nfrAB,41.3766,4.139242532,434.8621725
ycnE,54.97870791,4.479567272,401.824527
yczG,293.090703,10.43712939,172.4612135
gabR,5.51286,3.241931757,555.2245188
gabT,2.14866,3.157759473,570.0244161
gabD,94.9274,5.479083548,328.5220939
glcU,0.851113023,3.125294848,575.9456588
gdh,2.33986,3.162543297,569.1621682
cutI,585.2400224,17.74670536,101.427277
cutJ,585.2400224,17.74670536,101.427277
cutR,585.2400224,17.74670536,101.427277
ycnL,57.8057,4.550298614,395.578434
mtlA,514.225,15.9699095,112.7119725
mtlF,585.2400224,17.74670536,101.427277
mtlD,254.276,9.46598552,190.1545271
ycsA,56.1889,4.509846278,399.1266862
sipU,70.94973159,4.879162284,368.9157882
yczH,68.1584,4.809323168,374.2730395
ycsD,166.2284597,7.263036062,247.8302441
yczO,585.2400224,17.74670536,101.427277
ribZ,585.2400224,17.74670536,101.427277
pxpA,585.2400224,17.74670536,101.427277
pxpG,585.2400224,17.74670536,101.427277
pxpI,585.2400224,17.74670536,101.427277
pxpB,585.2400224,17.74670536,101.427277
pxpC,585.2400224,17.74670536,101.427277
pxpR,585.2400224,17.74670536,101.427277
lipC,46.00223372,4.254975888,423.0341246
yczI,230.53,8.8718606,202.8886703
yczJ,124.5774764,6.22092846,289.3458769
pbpC,232.906,8.93130812,201.5382266
ycsN,184.411,7.71796322,233.2221531
mtlR,45.1087,4.232619674,425.2685426
ydaB,16.4593,3.515811686,511.9728133
ydaC,15.6761,3.496216022,514.8423292
ydaD,40.6388,4.120782776,436.8102125
lyxE,585.2400224,17.74670536,101.427277
ydaF,11.0075,3.37940765,532.6377242
ydaG,250.193,9.36382886,192.2290579
bsrC,585.2400224,17.74670536,101.427277
amj,585.2400224,17.74670536,101.427277
ydzA,2281.258188,60.18107986,29.9097325
lrpC,585.2400224,17.74670536,101.427277
topB,585.2400224,17.74670536,101.427277
epsJ,4.49858,3.216554472,559.6050109
epsK,3.84935,3.200310737,562.4453836
ydaL,585.2400224,17.74670536,101.427277
ydaM,585.2400224,17.74670536,101.427277
ydaN,585.2400224,17.74670536,101.427277
swaO,585.2400224,17.74670536,101.427277
kimA,585.2400224,17.74670536,101.427277
nudT,585.2400224,17.74670536,101.427277
poxB,585.2400224,17.74670536,101.427277
,585.2400224,17.74670536,101.427277
ydzK,585.2400224,17.74670536,101.427277
mntH,3113.553699,81.00511355,22.22081942
ydaS,75.7055,4.99815161,360.1331333
ydaT,10.6644,3.370823288,533.9941748
ydbA,34.04700562,3.955856081,455.0216093
gsiB,236.7349222,9.027107753,199.3994144
ydbB,23.0759,3.681359018,488.9498664
ydbC,25.4141,3.739860782,481.3013385
ydbD,45.0026,4.229965052,425.5354306
dctB,31.0623,3.881178746,463.7766302
dctS,7.74557,3.297794161,545.8193908
dctR,10.2897,3.361448294,535.483471
dctP,133.116,6.43456232,279.7393063
ydbI,277.6569893,10.05097787,179.0870523
ydbJ,164.041,7.20830582,249.7119358
ydbK,200.943,8.13159386,221.3588173
ydbL,228.0569696,8.809985379,204.3136194
ydbM,31.2839,3.886723178,463.1150503
fbpB,57.9938896,4.555007118,395.1695252
fbpA,65.95318216,4.754148618,378.6166872
ydbO,120.134,6.10975268,294.6109432
ydbP,391.6576472,12.90327433,139.4994754
ddlA,585.2400224,17.74670536,101.427277
murF,195.788,8.00261576,224.9264558
cshA,1898.69,50.6092238,35.56663914
ydbS,186.92,7.7807384,231.3405113
ydbT,231.605,8.8987571,202.2754391
ydcA,93.33216952,5.439170881,330.9327909
acpS,63.6705,4.69703591,383.2204042
ydcC,60.9184,4.628178368,388.9219163
alrA,201.244,8.13912488,221.1539971
ndoAI,2270.64,59.9154128,30.04235331
ndoA,1629.87,43.8833474,41.01783721
rsbRA,170.919,7.38039338,243.8894389
rsbS,217.663,8.54992826,210.5280823
rsbT,172.7899,7.427203298,242.3523267
rsbU,223.055,8.6848361,207.2577973
rsbV,875.5680916,25.01071365,71.9691579
rsbW,801.598,23.15998196,77.72026779
sigB,716.58,21.0328316,85.58048836
rsbX,559.7752817,17.10957755,105.204234
,585.2400224,17.74670536,101.427277
ydcF,9.925878258,3.352345474,536.9375006
ydcG,39.64260086,4.095857874,439.468374
ydcH,43.7813,4.199408126,428.6318324
tex,585.2400224,17.74670536,101.427277
cmpA,585.2400224,17.74670536,101.427277
ydcK,38.20785456,4.059960521,443.3540648
trnSAsn,585.2400224,17.74670536,101.427277
trnSSer,585.2400224,17.74670536,101.427277
trnSGlu,585.2400224,17.74670536,101.427277
trnSGln,585.2400224,17.74670536,101.427277
trnSLys,585.2400224,17.74670536,101.427277
trnSLeu1,585.2400224,17.74670536,101.427277
trnSLeu2,585.2400224,17.74670536,101.427277
ydcL,585.2400224,17.74670536,101.427277
immA,585.2400224,17.74670536,101.427277
immR,585.2400224,17.74670536,101.427277
xis,585.2400224,17.74670536,101.427277
ydzL,585.2400224,17.74670536,101.427277
ydcO,585.2400224,17.74670536,101.427277
sncO,585.2400224,17.74670536,101.427277
,585.2400224,17.74670536,101.427277
helP,585.2400224,17.74670536,101.427277
conQ,585.2400224,17.74670536,101.427277
nicK,585.2400224,17.74670536,101.427277
ydcS,585.2400224,17.74670536,101.427277
ydcT,585.2400224,17.74670536,101.427277
yddA,585.2400224,17.74670536,101.427277
conB,585.2400224,17.74670536,101.427277
conC,585.2400224,17.74670536,101.427277
conD,585.2400224,17.74670536,101.427277
conE,585.2400224,17.74670536,101.427277
yddF,585.2400224,17.74670536,101.427277
conG,585.2400224,17.74670536,101.427277
cwlT,585.2400224,17.74670536,101.427277
yddI,585.2400224,17.74670536,101.427277
yddJ,585.2400224,17.74670536,101.427277
yddK,585.2400224,17.74670536,101.427277
rapI,585.2400224,17.74670536,101.427277
phrI,585.2400224,17.74670536,101.427277
yddM,585.2400224,17.74670536,101.427277
yddN,18.4872,3.566549744,504.689442
lrpA,64.28138736,4.712320312,381.9774296
lrpB,16.1409,3.507845318,513.1355111
yddQ,22.28595522,3.6615946,491.5891017
yddR,15.70706398,3.496990741,514.7282717
yddS,4.5992,3.219071984,559.1673653
ydzM,15.88102516,3.50134325,514.0884146
yddT,19.3832,3.588967664,501.536979
ydzN,585.2400224,17.74670536,101.427277
sufLC,585.2400224,17.74670536,101.427277
cspC,4304.199792,110.7950788,16.24620894
sncZ,585.2400224,17.74670536,101.427277
cdnL,585.2400224,17.74670536,101.427277
ydzE,25.79407513,3.74936776,480.0809404
ydeC,20.5429,3.617983358,497.5147263
ydeD,15.1321,3.482605142,516.85446
ydeE,19.8934,3.601732868,499.7594397
ydeF,26.6322,3.770337644,477.4108236
ydeG,7.79614,3.299059423,545.6100571
ydeH,54.71422621,4.47294994,402.4189907
ydeI,26.84332667,3.775620033,476.7428884
ydeJ,21.199,3.63439898,495.2675834
ydeK,5.82003,3.249617151,553.9114045
ydeL,7.34194,3.287695339,547.4959856
ydeM,60.39047301,4.614969635,390.035069
ydeN,80.9726,5.129934452,350.8816763
ydzF,60.84133789,4.626250274,389.0840083
ydeO,102.241,5.66206982,317.9049459
ydeP,33.76302534,3.948750894,455.8403526
ydeQ,11.65387351,3.395579915,530.1009091
ydeR,6.4667,3.265796834,551.1671704
ydeS,61.8883,4.652445266,386.8933211
ydzO,58.10067134,4.557678797,394.9378796
aseR,37.9688,4.053979376,444.0081789
arsF,585.2400224,17.74670536,101.427277
ydzSn,585.2400224,17.74670536,101.427277
ydzSc,585.2400224,17.74670536,101.427277
ydfB,6.725867396,3.272281202,550.0749748
ydfC,1.92105,3.152064671,571.0542733
ydfD,14.6204,3.469802408,518.7615283
ydfE,20.8924,3.626727848,496.3151566
ydfF,55.2091,4.485331682,401.3081145
ydfG,70.4172,4.865838344,369.9259763
ydzP,4.022471105,3.204642227,561.6851656
ydzQ,5.9817,3.253662134,553.2227766
ydfH,34.0402,3.955685804,455.0411962
ydfI,41.36565828,4.13896877,434.8909354
ydfJ,2.91135,3.176841977,566.6004205
cesA,585.2400224,17.74670536,101.427277
ydfK,6.478896922,3.266102001,551.1156723
ydfL,21.6827886,3.646503371,493.6235667
mneP,585.2400224,17.74670536,101.427277
ydfN,1.72445,3.147145739,571.9468208
ydfO,3.17344,3.183399469,565.433279
ydfP,11.2819,3.386273138,531.5578297
ydfQ,9.20218,3.334238544,539.8533957
ydzH,4.102701602,3.206649594,561.3335499
ydzR,2.940261155,3.177565334,566.4714367
ydfR,3.24002,3.1850653,565.1375499
ydfS,4.66918,3.220822884,558.8633915
cotP,4.04169,3.205123084,561.6008974
ydgA,1.121616297,3.13206284,574.701113
ydgB,1.7055,3.14667161,572.0329997
ydgC,142.3094899,6.664583437,270.0843972
ydgD,135.137,6.48512774,277.5581411
ydgE,43.1223,4.182919946,430.3214078
vmlR,15.4493,3.490541486,515.6793028
ydgF,228.456,8.81996912,204.0823472
dinB,32.59749121,3.91958923,459.2317956
ydgG,29.3725151,3.838900328,468.8842758
ydgH,53.0153,4.430442806,406.2799316
ydgI,72.1315,4.90873013,366.6936157
ydgJ,64.4958452,4.717686047,381.5429815
ydgK,94.2374,5.461819748,329.5604914
ydhB,19.07236253,3.581190511,502.6261504
ydhC,67.02376915,4.780934704,376.4954159
spoL,585.2400224,17.74670536,101.427277
ydhE,31.5889,3.894354278,462.2075629
ydhF,4.01915,3.204559133,561.6997301
phoB,4.7767,3.223513034,558.3969976
fra,146.4802529,6.768935928,265.9206734
ydhH,61.93466326,4.653605275,386.7968798
ydhI,28.11323442,3.807393125,472.7644193
ydhJ,25.12606647,3.732654183,482.2305822
ydhK,88.1935,5.31060137,338.9446646
pbuE,254.166,9.46323332,190.2098299
aswA,585.2400224,17.74670536,101.427277
gmuB,25.88748423,3.751704855,479.7818777
gmuA,33.4171,3.940095842,456.841679
gmuC,25.82445401,3.750127839,479.9836371
gmuD,30.474,3.86645948,465.5421864
gmuR,44.18739424,4.209568604,427.5972598
gmuE,26.8498,3.775781996,476.7224384
gmuF,25.6131,3.744839762,480.6614206
gmuG,20.68040222,3.621423664,497.0420937
ydhUc,585.2400224,17.74670536,101.427277
ydhUn,585.2400224,17.74670536,101.427277
trnEArg,585.2400224,17.74670536,101.427277
trnEGly,585.2400224,17.74670536,101.427277
rrnE16S,585.2400224,17.74670536,101.427277
rrnE23S,585.2400224,17.74670536,101.427277
rrnE5S,585.2400224,17.74670536,101.427277
trnEMet,585.2400224,17.74670536,101.427277
trnEAsp,585.2400224,17.74670536,101.427277
thiL,148.298,6.81441596,264.1458946
tsaE,159.789,7.10192078,253.4525596
tsaB,130.807,6.37679114,282.2736327
rimI,115.4710858,5.993086567,300.3460704
tsaD,106.315,5.7640013,312.2830663
ydiF,85.7829,5.250288158,342.8383254
moaC,187.103,7.78531706,231.2044566
rex,208.6771066,8.325101207,216.2135877
tatAY,585.2400224,17.74670536,101.427277
tatCY,585.2400224,17.74670536,101.427277
ydiK,102.718847,5.674025552,317.2350888
ydiL,195.5994491,7.997898216,225.0591282
groES,1628.848868,43.85779868,41.04173156
groEL,1394.71,37.9996442,47.36886457
ydzTc,585.2400224,17.74670536,101.427277
ydzT,585.2400224,17.74670536,101.427277
ydzT,585.2400224,17.74670536,101.427277
ydzT,585.2400224,17.74670536,101.427277
ydzTn,585.2400224,17.74670536,101.427277
ydiM,585.2400224,17.74670536,101.427277
ydzU,26.63544739,3.770418894,477.4005358
ydzV,585.2400224,17.74670536,101.427277
ydiN,585.2400224,17.74670536,101.427277
bsuMA,205.859,8.25459218,218.0604397
bsuMB,289.35,10.343537,174.0217104
ydzWc,585.2400224,17.74670536,101.427277
ydzWmc,585.2400224,17.74670536,101.427277
ydzWmb,585.2400224,17.74670536,101.427277
ydzW,585.2400224,17.74670536,101.427277
ydzW,585.2400224,17.74670536,101.427277
ydzWma,585.2400224,17.74670536,101.427277
ydzWn,585.2400224,17.74670536,101.427277
bsuRA,106.54,5.7696308,311.9783678
bsuRB,112.611,5.92152722,303.9756355
bsuRC,122.1646119,6.16055859,292.1812972
ydjB,49.70150333,4.347531613,414.0280417
ydjC,37.37758467,4.039187168,445.6342142
gutR,27.9829,3.804132158,473.1696811
gutB,8.02692,3.304833538,544.656782
gutP,2.80967,3.174297943,567.0545211
ydjE,59.1421,4.583735342,392.6928293
pspA,43.4971,4.192297442,429.358848
ydjG,44.5318,4.218185636,426.7237517
ydjH,41.7521,4.148637542,433.8773831
ydjI,40.8839,4.126915178,436.161133
ydjJ,6.414275675,3.264485177,551.3886271
iolT,2.70128,3.171586026,567.5393905
bdhA,71.20671721,4.885592065,368.4302693
walM,585.2400224,17.74670536,101.427277
ydjN,108.9974095,5.831115186,308.6888087
ydzJ,19.45482881,3.590759817,501.2866613
ydjO,505.0059593,15.7392491,114.3637786
ydjP,54.0921,4.457384342,403.8242749
yeaA,56.6013,4.520164526,398.2155936
cotA,4.40843,3.214298919,559.9976995
gabP,4.06164,3.205622233,561.5134502
ydzX,2.34033,3.162555057,569.1600519
mneS,585.2400224,17.74670536,101.427277
yeaC,63.4341,4.691121182,383.7035818
yeaD,76.6669,5.022205838,358.4082489
yebA,85.9703,5.254976906,342.5324282
guaA,2174.63,57.5132426,31.2971399
gswC,585.2400224,17.74670536,101.427277
pbuG,466.623,14.77890746,121.7952007
yebC,119.325,6.0895115,295.5902128
yebD,11.09267199,3.381538653,532.3020626
yebE,31.0402,3.880625804,463.8427127
yebG,52.6752586,4.42193497,407.0616172
gswD,585.2400224,17.74670536,101.427277
purE,133.111,6.43443722,279.7447451
purK,141.819,6.65231138,270.5826437
purB,164.488,7.21948976,249.3250991
purC,32.7718,3.923950436,458.7213904
purS,32.1357,3.908035214,460.5895038
purQ,26.6837,3.771626174,477.2477221
purL,24.1261,3.707635022,485.4846794
purF,30.422,3.86515844,465.6988912
purM,28.8486,3.825791972,470.4908195
purN,28.33765993,3.813008251,472.0682153
purH,38.0288,4.055480576,443.8438223
purD,40.8732,4.126647464,436.1894288
yezC,22.9476,3.678148952,489.3765923
yecA,3.21357,3.184403521,565.2549961
yezF,0.818695011,3.124483749,576.0951711
yerA,137.677,6.54867854,274.8646141
yerB,662.806,19.68740612,91.42900741
yerC,367.8960143,12.30875828,146.2373344
yerD,17.7625,3.54841775,507.2683452
pcrB,102.9191696,5.679037623,316.9551109
pcrA,142.879,6.67883258,269.508178
ligA,229.449,8.84481398,203.509085
yerH,276.645,10.0256579,179.5393398
yerI,75.4862,4.992664724,360.5289158
sapB,47.1313,4.283225126,420.2440794
opuE,137.2243333,6.537352819,275.3408069
gatC,1195.060498,33.00441366,54.53816022
gatA,1162.01,32.1774902,55.93972646
gatB,1157.22,32.0576444,56.14885416
yerO,56.1399,4.508620298,399.2352163
srfP,585.2400224,17.74670536,101.427277
dagK,473.5237595,14.95156446,120.3887396
rlmCD,216.218,8.51377436,211.4220936
yefB,63.9624,4.704339248,382.6254666
yefC,87.82914962,5.301485323,339.527489
yeeA,89.0289,5.331503078,337.6158606
yeeB,103.26,5.6875652,316.4798884
yeeC,111.5927563,5.896050763,305.2890948
yeeD,55.8419,4.501164338,399.8965301
yezA,73.76755895,4.949664325,363.6610246
yezG,585.2400224,17.74670536,101.427277
yeeF,28.7237,3.822666974,470.8754417
yeeG,0.554525706,3.117874233,577.3164231
rapH,11.1044,3.381832088,532.2558759
phrH,585.2400224,17.74670536,101.427277
yeeI,233.002868,8.933731757,201.4835512
cotK,585.2400224,17.74670536,101.427277
yezE,29.03832065,3.830538783,469.9077864
yesE,9.75249,3.3480073,537.6332364
yesF,6.97593,3.278537769,549.0252445
cotJA,1.86989,3.150784648,571.2862671
cotJB,1.814916701,3.149409216,571.5357633
cotJC,1.96043,3.153049959,570.8758261
yesJ,68.98999133,4.830129583,372.6608094
yesK,8.316708304,3.312084042,543.4644705
yesL,4.39736,3.214021947,560.0459579
yesM,3.96058,3.203093712,561.9567088
yesN,3.512,3.19187024,563.9326992
yesO,0.7615,3.12305273,576.3591446
rhgP,0.62581,3.119657766,576.9863667
rhgQ,0.444178,3.115113334,577.828094
rhgH,0.652294,3.120320396,576.8638382
rhgR,585.2400224,17.74670536,101.427277
rhgT,0.401382,3.114042578,578.0267787
yesU,0.596926,3.118935089,577.1200583
yesV,0.467304816,3.115691966,577.7207822
rhgW,0.567808,3.118206556,577.2548956
rhgX,0.589046,3.118737931,577.1565421
yesY,1.38826,3.138734265,573.4795774
rhgZ,1.35567,3.137918863,573.6285986
yetA,1.69129,3.146316076,572.0976395
lplA,1.01822,3.129475864,575.1761886
lplB,1.07035,3.130780157,574.9365684
lplC,1.7565,3.14794763,571.8011262
lplD,6.87467,3.276004243,549.4498377
yetF,17.06417119,3.530945563,509.7784624
hmoA,342.0937155,11.66318476,154.3317744
yetH,114.99,5.9810498,300.9505121
yetI,585.2400224,17.74670536,101.427277
yetI,585.2400224,17.74670536,101.427277
yezD,7.20575,3.284287865,548.0640169
calJ,585.2400224,17.74670536,101.427277
yetK,41.7542,4.148690084,433.8718881
flvL,585.2400224,17.74670536,101.427277
flvM,585.2400224,17.74670536,101.427277
yetN,58.2547,4.561532594,394.6042175
cypD,2.44785,3.165245207,568.6763212
ltaSA,777.82,22.5650564,79.76935524
spmH,585.2400224,17.74670536,101.427277
spmG,585.2400224,17.74670536,101.427277
yfnF,3.24186,3.185111337,565.1293815
yfnE,11.3735,3.38856497,531.1983143
yfnD,23.1207,3.682479914,488.8010368
yfnC,24.8132,3.724826264,483.2440153
pynN,585.2400224,17.74670536,101.427277
mtrA,585.2400224,17.74670536,101.427277
vdhT,585.2400224,17.74670536,101.427277
yfmS,34.0685,3.95639387,454.9597586
ettA,585.2400224,17.74670536,101.427277
yfmQ,361.4744126,12.1480898,148.1714433
copP,585.2400224,17.74670536,101.427277
copO,585.2400224,17.74670536,101.427277
yfmN,2.925313061,3.177191333,566.5381186
ettM,585.2400224,17.74670536,101.427277
yfmL,160.223,7.11277946,253.0656279
yfmK,23.29699513,3.686890818,488.2162475
yfmJ,36.91,4.0274882,446.9286837
yfmI,8.59897,3.319146229,542.3081346
yfmG,11.322,3.38727644,531.4003837
fecF,585.2400224,17.74670536,101.427277
fecE,585.2400224,17.74670536,101.427277
fecD,585.2400224,17.74670536,101.427277
fecC,585.2400224,17.74670536,101.427277
yfmB,5.40682704,3.239278813,555.6792435
yflT,115.1478896,5.985000198,300.7518698
pelA,585.2400224,17.74670536,101.427277
maeS,585.2400224,17.74670536,101.427277
citS,5.84877,3.250336225,553.7888622
citT,6.73449,3.27249694,550.0387115
yflP,5.279070047,3.236082333,556.2281225
citM,7.00907,3.279366931,548.8864277
yflN,7.02796,3.279839559,548.8073326
nosA,47.5836,4.294541672,419.1366943
acyP,585.2400224,17.74670536,101.427277
yflK,45.3718,4.239202436,424.6081727
yflJ,139.7875871,6.601485429,272.6659052
yflI,189.2241947,7.838389351,229.6390137
yflH,237.579902,9.048249148,198.9335142
mapB,198.7385675,8.076438959,222.8705014
nagP,89.506,5.34344012,336.8616396
ltaSB,653.945,19.4657039,92.47032675
yflD,585.2400224,17.74670536,101.427277
yflB,8.87702,3.32610304,541.1738536
yflA,20.4872,3.616589744,497.7064382
yfkT,21.3563,3.638334626,494.7318444
yfkS,11.11829924,3.382179847,532.2011488
yfkR,7.032284645,3.279947762,548.789228
yfkQ,2.98928,3.178791786,566.2528789
treP,552.5620928,16.92910356,106.3257717
treA,415.01,13.4875502,133.4564078
treR,644.5597838,19.23088579,93.59943268
hypO,585.2400224,17.74670536,101.427277
yfkN,6.14337,3.257707117,552.5358589
sufLB,585.2400224,17.74670536,101.427277
yfkL,62.2472262,4.6614256,386.147963
yfkK,220.299,8.61588098,208.916535
yfkJ,121.294,6.13877588,293.2180674
yfkI,157.7499666,7.050904164,255.2864084
rbn,109.4389219,5.842161826,308.1051251
yfkF,35.0588,3.981171176,452.1282609
chaA,585.2400224,17.74670536,101.427277
yfkD,68.142,4.80891284,374.3049749
mscC,585.2400224,17.74670536,101.427277
yfkA,116.069,6.00804638,299.5982198
yfjT,70.7165,4.87332683,369.357538
pdaA,21.4871,3.641607242,494.287242
yfjR,31.608,3.89483216,462.1508517
yfjQ,120.014,6.10675028,294.7557895
yfjP,38.5577,4.068713654,442.4002653
yfjO,170.754,7.37626508,244.0259373
yfzA,585.2400224,17.74670536,101.427277
dusC,135.206,6.48685412,277.4842731
yfjM,48.02889281,4.305682898,418.0521517
yfjL,46.38517539,4.264557088,422.0836919
acoA,0.582583581,3.118576241,577.1864661
acoB,1.19907,3.134000731,574.3457498
acoC,2.64503,3.170178651,567.791345
acoL,2.84028,3.175063806,566.9177409
acoR,29.1706,3.833848412,469.5021312
sspH,54.37633574,4.46449592,403.1810158
yfjF,77.6004,5.045562008,356.7491584
yfjE,64.3098,4.713031196,381.9198145
yfjD,54.6958,4.472488916,402.460472
yfjC,41.3465,4.13848943,434.9413066
yfjB,35.08689473,3.981874106,452.0484455
yfjA,37.97423817,4.054115439,443.9932772
malA,7.62209,3.294704692,546.3312097
malR,11.1379,3.382670258,532.1239916
malP,4.71775,3.222038105,558.652611
yfiB,585.2400224,17.74670536,101.427277
yfiC,34.2725,3.96149795,454.3735786
catD,41.51942548,4.142816026,434.4870709
catE,50.4945,4.36737239,412.1471309
yfiF,5.32117,3.237135673,556.0471298
yfiG,3.32573,3.187209765,564.7573059
yfiH,2.59492,3.168924898,568.0159858
yfiI,3.44672,3.190236934,564.2214158
linJ,585.2400224,17.74670536,101.427277
linK,585.2400224,17.74670536,101.427277
bifL,585.2400224,17.74670536,101.427277
bifM,585.2400224,17.74670536,101.427277
bifN,585.2400224,17.74670536,101.427277
padR,98.10596076,5.558611138,323.8218964
estB,22.16717926,3.658622825,491.9884028
icaC,585.2400224,17.74670536,101.427277
yfiR,26.75899206,3.773509981,477.009471
yfiS,6.96176,3.278183235,549.0846212
bstA,585.2400224,17.74670536,101.427277
yfiU,9.95296604,3.35302321,536.8289711
yfiV,35.27479579,3.986575391,451.5153543
mprF,107.717,5.79907934,310.3940978
sxzY,585.2400224,17.74670536,101.427277
sxzZ,585.2400224,17.74670536,101.427277
sxzA,585.2400224,17.74670536,101.427277
yfhB,15.9688,3.503539376,513.7661681
yfhC,471.612,14.90373224,120.7751167
yfhD,64.47106171,4.717065964,381.5931373
yfhE,40.54042704,4.118321485,437.0712696
yfhF,38.4684,4.066479368,442.6433377
recX,107.85,5.802407,310.2160879
yfhH,114.3039956,5.96388597,301.8166358
yfhI,169.278,7.33933556,245.2538088
sspK,90.50953901,5.368548666,335.2861475
yfhJ,110.1475483,5.859891658,307.1729146
yfhK,87.8569397,5.302180631,339.4829647
spdL,585.2400224,17.74670536,101.427277
ephM,585.2400224,17.74670536,101.427277
csbB,193.719,7.95084938,226.3909067
yfhO,127.213,6.28686926,286.3110279
yfhP,102.395,5.6659229,317.6887564
mutY,129.719,6.34956938,283.4837911
yfhS,380.346,12.62025692,142.6278412
fabL,406.9196664,13.28513005,135.4898291
sspE,439.127,14.09095754,127.7414963
ygaB,3.01779,3.179505106,566.1258404
ygaC,175.2158023,7.487899374,240.3878458
ygaD,119.807,6.10157114,295.0059843
ygaE,222.477,8.67037454,207.6034884
gsaB,179.492,7.59488984,237.0014626
bcp,585.2400224,17.74670536,101.427277
perR,941.0937904,26.65016664,67.54179156
ygzB,81.45364203,5.141970124,350.060377
ygxA,162.0590721,7.158717984,251.4416693
rrnD16S,585.2400224,17.74670536,101.427277
rrnD23S,585.2400224,17.74670536,101.427277
rrnD5S,585.2400224,17.74670536,101.427277
asnTA,585.2400224,17.74670536,101.427277
trnDSer,585.2400224,17.74670536,101.427277
trnDGlu,585.2400224,17.74670536,101.427277
trnDVal,585.2400224,17.74670536,101.427277
trnDMet,585.2400224,17.74670536,101.427277
trnDAsp,585.2400224,17.74670536,101.427277
trnDPhe,585.2400224,17.74670536,101.427277
trnDThr,585.2400224,17.74670536,101.427277
trnDTyr,585.2400224,17.74670536,101.427277
trnDTrp,585.2400224,17.74670536,101.427277
trnDHis,585.2400224,17.74670536,101.427277
trnDGln,585.2400224,17.74670536,101.427277
glyTB,585.2400224,17.74670536,101.427277
cysTA,585.2400224,17.74670536,101.427277
leuTA,585.2400224,17.74670536,101.427277
leuTB,585.2400224,17.74670536,101.427277
spo0M,330.8948104,11.38298816,158.1307101
ygzA,18.30399369,3.561965922,505.3389166
ygzC,4.411432136,3.214374032,559.9846135
ygaJ,11.7404,3.397744808,529.7631522
tswD,585.2400224,17.74670536,101.427277
thiC,9.49325,3.341521115,538.6768295
ygaK,1.52797,3.142229809,572.8416154
senS,0.352729,3.11282528,578.2528213
katA,197.4,8.042948,223.7985376
ssuB,0.181673,3.108545458,579.0489552
ssuA,0.302945,3.111579684,578.4843015
ssuC,0.999291348,3.12900227,575.2632453
ssuD,1.68786,3.146230257,572.1132444
ygaN,13.12162489,3.432303055,524.429216
rpsNB,5.254874217,3.235476953,556.3321965
ygaO,118.611,6.07164722,296.4599119
ygzD,151.093,6.88434686,261.4627119
trnSLGly1,585.2400224,17.74670536,101.427277
yhzB,105.544,5.74471088,313.3316955
queG,44.4348,4.215758696,426.9694093
yhbB,7.25285,3.285466307,547.8674355
trmL,330.44,11.3716088,158.2889485
yhbD,17.93607949,3.552760709,506.6482512
yhbE,25.3343,3.737864186,481.5584276
yhbF,34.8544,3.976057088,452.7097977
prkA,3.04508,3.180187902,566.0042915
yhbH,5.11413,3.231955533,556.9383557
yhbI,109.1889658,5.835907924,308.435298
yhbJ,159.5,7.09469,253.7108739
yhcA,110.373,5.86553246,306.8775107
yhcB,131.344858,6.390248347,281.6791934
yhcC,105.661,5.74763822,313.1721119
yhcD,1.51909377,3.142007726,572.882105
yhcE,123.794,6.20132588,290.260508
yhcF,189.231,7.83855962,229.6340255
yhcG,214.084,8.46038168,212.7563588
yhcH,196.8711089,8.029715145,224.1673543
yhcI,187.823,7.80333146,230.6707089
cspB,30964.24196,777.8293338,2.314132319
yhcJ,292.8319007,10.43065416,172.5682755
dgcK,585.2400224,17.74670536,101.427277
tcyP,61.5786,4.644696572,387.5387707
yhcM,11.2827,3.386293154,531.5546877
yhcN,4.61518,3.219471804,559.0979235
yhcO,2.628330961,3.169760841,567.8661863
yhcQ,585.2400224,17.74670536,101.427277
mncR,585.2400224,17.74670536,101.427277
srtA,17.6258,3.544997516,507.7577606
yhcT,30.26367139,3.861197058,466.1766734
yhcU,48.81567938,4.325368298,416.1495336
yhcV,22.3996,3.664437992,491.2076569
glpW,131.3132279,6.389456962,281.7140816
yhcX,163.127,7.18543754,250.5066657
yhzG,62.6346,4.671117692,385.3467454
yhxA,110.946,5.87986892,306.1292734
glpP,150.1044748,6.859613959,262.4054372
glpF,1101.36,30.6600272,58.70836279
glpK,1696.84,45.5589368,39.50926265
glpD,2763.75,72.253025,24.91245176
pgcA,1015.35,28.508057,63.14004494
yhcY,28.2425,3.81062735,472.3631661
yhcZ,20.33237553,3.612716036,498.2401003
azr,585.2400224,17.74670536,101.427277
yhdB,4.40694,3.214261639,560.0041945
yhdC,4.02373,3.204673725,561.679645
lytF,60.10166642,4.607743694,390.6467286
nsrR,75.5416,4.994050832,360.4288504
ygxB,31.6652,3.896263304,461.9810982
spoVR,2.94518,3.177688404,566.4494977
phoA,9.72119,3.347224174,537.7590226
lytE,612.1864234,18.42090431,97.71507247
citR,23.6256,3.695112512,487.1299572
citA,23.144153,3.683066708,488.72316
yhdF,37.91875072,4.052727143,444.1453709
bcaP,0.482921,3.116082683,577.6483434
yhdH,75.2141,4.985856782,361.0212003
yhdI,18.6736,3.571213472,504.0303567
yhdJ,5.51053543,3.241873596,555.2344798
asiMB,585.2400224,17.74670536,101.427277
asiMA,585.2400224,17.74670536,101.427277
sigM,166.604,7.27243208,247.5100462
akrN,585.2400224,17.74670536,101.427277
plsC,302.254,10.66639508,168.7542967
yhdP,306.083,10.76219666,167.2521007
cueR,197.907208,8.055638344,223.4459795
yhdR,36.9488,4.028458976,446.8209831
yhdT,68.5639,4.819468778,373.485146
crcBA,68.7318,4.823669636,373.1598836
crcBB,585.2400224,17.74670536,101.427277
yhdW,85.8057,5.250858614,342.8010793
yhdX,17.2984,3.536805968,508.9337714
mscY,585.2400224,17.74670536,101.427277
srtN,35.4208,3.990228416,451.1019953
yheN,215.06,8.4848012,212.1440394
dat,35.592,3.99451184,450.6182663
nhaC,85.0528,5.232021056,344.0353127
nhaX,49.70666165,4.347660674,414.0157512
bmrB,585.2400224,17.74670536,101.427277
bmrC,585.2400224,17.74670536,101.427277
bmrD,585.2400224,17.74670536,101.427277
yheG,49.9717,4.354291934,413.3852363
yheF,0.369841619,3.113253437,578.1732956
sspB,2.34931599,3.162779886,569.1195925
yheE,12.3052,3.411876104,527.5689812
spaD,585.2400224,17.74670536,101.427277
spaC,585.2400224,17.74670536,101.427277
yheB,86.0585,5.25718367,342.3886463
yheA,780.7097853,22.63735883,79.51457649
yhaZ,25.166,3.73365332,482.1015359
yhaX,54.7499,4.473842498,402.3387057
hemZ,105.9423304,5.754677107,312.7890526
khtU,585.2400224,17.74670536,101.427277
khtT,56.73962887,4.523625514,397.9109222
khtS,69.5665772,4.844555762,371.5510954
yhaR,1.33376,3.137370675,573.7288278
yhzD,1.974287524,3.153396674,570.8130585
yhaQ,52.1402,4.408547804,408.2977162
yhaP,61.61064218,4.645498267,387.4718914
yhaO,42.8415,4.17589433,431.04539
sbcE,54.8856,4.477237712,402.033601
yhaM,132.4361333,6.417552055,280.480779
yhaL,17.07810536,3.531294196,509.7281337
prsA,1328.27,36.3373154,49.53585536
sscA,11.48520931,3.391359937,530.7605307
sscB,585.2400224,17.74670536,101.427277
yhaJ,158.5469688,7.070845159,254.566457
yhaI,119.127,6.08455754,295.8308781
scoC,116.781,6.02586062,298.7125182
yhaH,254.5598474,9.473087382,190.0119705
yhzF,39.05449429,4.081143447,441.0528626
trpP,408.5439202,13.32576888,135.0766335
serC,131.813,6.40196126,281.1638382
hinT,253.3216313,9.442107215,190.6354121
ecsA,82.8437887,5.176751593,347.7083974
ecsB,85.5123,5.243517746,343.2809971
ecsC,106.971,5.78041442,311.3963583
sndC,585.2400224,17.74670536,101.427277
yhfA,6.17124,3.258404425,552.4176147
yhgB,17.71466253,3.547220857,507.4395063
hmoB,150.089,6.85922678,262.4202491
pbpF,41.6329,4.145655158,434.1895144
hemE,194.045,7.9590059,226.1588976
hemH,323.202,11.19051404,160.8505198
hemY,259.393,9.59401286,187.6170093
yhgD,85.64466108,5.24682942,343.0643263
yhgE,100.941,5.62954382,319.7417158
fabHB,264.056,9.71068112,185.3628986
yhfC,3.209315341,3.18429707,565.2738926
yhfE,38.88038032,4.076787116,441.5241584
yhfF,48.5573,4.318903646,416.7724375
gltT,1136.85,31.547987,57.05593831
yhfH,1.574285873,3.143388633,572.630435
yhfI,122.862,6.17800724,291.3560846
lplJ,159.174,7.08653348,254.0028923
yhfK,166.245,7.2634499,247.8161239
lcfB,8.63569,3.320064964,542.1580661
yhfM,8.208367568,3.309373357,543.9096185
yhfN,11.5765,3.39364403,530.4033022
aprE,2.57991,3.168549348,568.0833095
yhfO,32.0231,3.905217962,460.9217763
yhfP,90.0259,5.356448018,336.043586
yhfQ,393.583,12.95144666,138.9806133
phoE,85.34210018,5.239259347,343.5600112
yhfS,11.21445309,3.384585616,531.8228593
yhfT,10.73793603,3.372663159,533.7028677
bioY,1.82589,3.149683768,571.4859436
hemAT,33.38,3.9391676,456.9493311
yhfW,0.79122,3.123796324,576.221947
yhxC,0.841124,3.125044922,575.99172
yhzC,16.65346923,3.5206698,511.2663505
comK,10.856,3.37561712,533.235831
yhxD,31.4799,3.891627098,462.5314694
yhjA,192.4503832,7.919108588,227.2983102
yhjB,4.48182,3.216135136,559.6779749
yhjC,2.624203835,3.16965758,567.8846862
yhjD,7.998907997,3.304132678,544.7723125
yhjE,54.6934,4.472428868,402.4658755
sipV,57.4427,4.541216354,396.3695758
yhjG,4.00418,3.204184584,561.7653893
yhjH,26.08183132,3.75656742,479.1608399
glcP,7.31606,3.287047821,547.6038372
ntdC,6.8536,3.275477072,549.5382689
ntdB,4.1131,3.206909762,561.2880104
ntdA,3.055395148,3.180445987,565.9583617
ntdR,585.2400224,17.74670536,101.427277
yhjN,21.5669,3.643603838,494.016386
yhjO,0.926572,3.127182831,575.5979413
yhjP,18.74,3.5728748,503.7959908
yhjQ,4.487640708,3.216280771,559.6526325
yhjR,4.19893,3.209057229,560.9124025
addB,35.9276,4.002908552,449.6730257
addA,57.7944,4.550015888,395.6030142
sbcD,51.3509,4.388799518,410.1349339
sbcC,71.2126,4.885739252,368.41917
hlpB,585.2400224,17.74670536,101.427277
gerPF,6.37812,3.263580562,551.5414636
gerPE,5.507643667,3.241801245,555.2468718
gerPD,5.988460423,3.25383128,553.1940181
gerPC,5.98955,3.253858541,553.1893834
gerPB,1.499522913,3.141518063,572.9713991
gerPA,1.78271,3.148603404,571.6820345
pchI,585.2400224,17.74670536,101.427277
yisJ,10.0276,3.354890552,536.5301705
mblK,585.2400224,17.74670536,101.427277
yisL,202.087,8.16021674,220.5823763
wprA,282.179,10.16411858,177.0935655
yisN,2.42955,3.164787341,568.7585945
asnO,2.06934,3.155774887,570.38289
yizA,10.23927452,3.360186648,535.6845284
farP,585.2400224,17.74670536,101.427277
yisQ,19.4171,3.589815842,501.4184792
yisR,26.04226853,3.755577559,479.2871328
iolQ,585.2400224,17.74670536,101.427277
iolX,585.2400224,17.74670536,101.427277
yisT,4.81521,3.224476554,558.2301405
yisU,1.94001,3.15253905,570.9683437
yisV,15.8414,3.500351828,514.2340223
yisX,72.44174271,4.916492403,366.1146713
yisY,6.02918,3.254850084,553.0208623
yisZ,3.99642,3.203990428,561.7994311
yitA,2.22853,3.159757821,569.6639117
yitB,1.516931228,3.141953619,572.8919704
slpH,1.531678261,3.14232259,572.8247016
slpS,1.175412288,3.133408815,574.4542465
yitE,1.254637128,3.135391021,574.0910744
yitF,6.836353204,3.275045557,549.6106752
yitG,6.07228,3.255928446,552.8377021
yitH,60.1061,4.607854622,390.6373242
yitI,61.2009,4.635246518,388.3288608
samT,1.27857,3.135989821,573.9814548
mswK,585.2400224,17.74670536,101.427277
yitK,90.2815,5.36284313,335.6428589
yitL,174.313,7.46531126,241.1151977
yitM,2.588940006,3.168775279,568.0428057
yitO,2.10272,3.156610054,570.2319796
yitP,1.001580785,3.129059551,575.2527143
yizB,41.1103252,4.132580337,435.5632204
yitQ,28.80255279,3.824639871,470.632546
yitR,37.68362108,4.046844199,444.7910301
nprB,3.41212,3.189371242,564.3745626
fakBB,585.2400224,17.74670536,101.427277
yitT,162.2198408,7.162740417,251.3004654
ipi,160.6572813,7.123645178,252.6796261
yizC,69.958,4.85434916,370.8015103
ribZC,585.2400224,17.74670536,101.427277
yitV,68.2035,4.81045157,374.1852451
yitW,264.7596434,9.728286278,185.0274497
yitY,72.9965,4.93037243,365.0839821
yitZ,76.8244,5.026146488,358.1272461
argC,1.74937,3.147769237,571.8335317
argJ,1.02959,3.129760342,575.1239084
argB,0.599231,3.11899276,577.1093871
argD,0.509254197,3.11674154,577.5262327
carA,0.657631,3.120453928,576.8391528
carB,2.3107,3.161813714,569.2935014
argF,5.18953,3.233842041,556.6134577
yjzC,43.74152582,4.198412976,428.733431
yjzD,947.852,26.81925704,67.11595319
yjaU,0.840831184,3.125037596,575.9930703
yjaV,3.8383,3.200034266,562.4939767
med,309.133,10.83850766,166.074524
comZ,431.41,13.8978782,129.5161732
yjzB,84.26275031,5.212254013,345.3400382
fabHA,614.8946961,18.4886653,97.3569466
fabF,767.082,22.29639164,80.73055179
yjaZ,0.444277,3.115115811,577.8276345
appD,0.330215,3.112261979,578.3574815
appF,0.752489,3.122827275,576.4007553
appAn,585.2400224,17.74670536,101.427277
appAc,585.2400224,17.74670536,101.427277
appB,2.679361122,3.171037615,567.6375428
appC,2.9866,3.178724732,566.2648237
yjbA,4.42106,3.214614921,559.9426507
trpS,284.901,10.23222302,175.9148522
tboWA,585.2400224,17.74670536,101.427277
oppA,41.5574,4.143766148,434.3874475
oppB,14.4755,3.46617701,519.3041194
oppC,16.2302,3.510079604,512.8088827
oppD,21.4709,3.641201918,494.342264
oppF,24.7116,3.722284232,483.5740335
yjbB,2.99372,3.178902874,566.2330908
yjbC,442.6889887,14.1800785,126.9386485
spxA,1109.27,30.8579354,58.33183512
yjbE,34.7962,3.974600924,452.8756558
,585.2400224,17.74670536,101.427277
mecA,355.119,11.98907738,150.1366571
,585.2400224,17.74670536,101.427277
coiA,4.80961,3.224336442,558.2543982
pepF,119.754,6.10024508,295.0701122
yizD,8.830943961,3.324950218,541.3614888
roxS,585.2400224,17.74670536,101.427277
spxH,585.2400224,17.74670536,101.427277
yjbI,221.7033378,8.651017512,208.0680102
cwlQ,585.2400224,17.74670536,101.427277
yjbK,54.4828,4.467159656,402.9406018
yjbL,125.296,6.23890592,288.5121243
relP,147.0271902,6.782620299,265.3841614
ppnKA,128.845988,6.32772662,284.4623525
yjbO,129.308,6.33928616,283.943642
prpE,12.036,3.40514072,528.612515
kefQ,585.2400224,17.74670536,101.427277
tswA,585.2400224,17.74670536,101.427277
tenA,11.9839,3.403837178,528.8149538
tenI,13.2222,3.434819444,524.0450129
thiO,12.6048,3.419372096,526.4124376
thiS,21.5684,3.643641368,494.0112975
thiG,12.4465,3.41541143,527.0228893
thiF,13.0779252,3.431209689,524.5963271
thiD,16.0336,3.505160672,513.5285279
fabI,150.1609412,6.861026749,262.3514039
cotO,5.4673,3.240791846,555.4198127
cotZ,4.99976,3.229093995,557.4318997
cotY,8.259004108,3.310640283,543.7014735
cotX,17.1349,3.532715198,509.5231003
cotW,14.43717042,3.465218004,519.4478379
cotV,10.02920939,3.354930819,536.5237309
yjcA,3.1301,3.182315102,565.6259491
,585.2400224,17.74670536,101.427277
yjzK,1.34957,3.137766241,573.6565
yjcB,585.2400224,17.74670536,101.427277
yjcZ,5.74243,3.247675599,554.2425484
spoVIF,9.119707525,3.332175082,540.1877019
yjcD,79.7242,5.098699484,353.0312005
yjzE,69.64664947,4.84655917,371.3975084
yjcF,30.78200794,3.874165839,464.6161458
yjcG,40.0184,4.105260368,438.4618364
yjcH,38.76300036,4.073850269,441.842454
mswA,1.97805,3.153490811,570.7960187
metI,3.41279,3.189388006,564.3715963
metC,4.14795,3.207781709,561.1354398
yjcK,2.85672,3.175475134,566.8443064
yjcL,1.11416,3.131876283,574.7353462
trnSLVal2,585.2400224,17.74670536,101.427277
yjcM,75.5942,4.995366884,360.3338937
yjcN,287.7129303,10.30257752,174.7135605
yjzF,4.235308294,3.209967414,560.7533561
yjzG,4.017948927,3.204529082,561.7049975
yjcO,5.477958045,3.24105851,555.3741144
yjcP,14.23781005,3.460230007,520.1966332
yjcQ,18.95218677,3.578183713,503.0485141
yjcR,1.331631669,3.137317424,573.738566
yjcS,92.61681266,5.421272653,332.0253592
yjdA,75.6424757,4.996574742,360.2467876
yjdB,12.52411459,3.417353347,526.7234076
manR,757.758,22.06310516,81.58416447
manP,657.339,19.55062178,92.06868305
manA,676.45,20.028779,89.87068058
yjdF,949.1621851,26.85203787,67.03401837
yjdG,87.81815553,5.301210251,339.5451066
yjdH,585.2400224,17.74670536,101.427277
trnE,61.1588,4.634193176,388.4171271
yjzH,54.05195061,4.456379804,403.9153032
yjdJ,30.78269483,3.874183025,464.6140847
ctaO,5.43928,3.240090786,555.5399892
cotT,2.05688,3.155463138,570.4392419
pdaC,78.1476,5.059252952,355.7837525
yjfA,3.306666341,3.186732792,564.8418357
yjfB,15.58758035,3.49400126,515.1686751
yjfC,3.69895,3.196547729,563.1074999
yjgA,39.68409594,4.09689608,439.357007
yjgB,2.66752,3.17074135,567.6905812
yjgC,24.6732,3.721323464,483.6988822
yjgD,23.2801,3.686468102,488.2722297
yjhA,52.5797,4.419544094,407.2818286
yjhB,10.06253523,3.355764631,536.39042
yjiA,26.52354372,3.767619064,477.7553063
cypE,585.2400224,17.74670536,101.427277
ppuG,585.2400224,17.74670536,101.427277
yjzI,56.28203625,4.512176547,398.9205611
yjjA,84.3745101,5.215050243,345.1548722
yjkA,31.12013407,3.882625754,463.6037862
yjkB,32.3387,3.913114274,459.9916777
yjlA,56.71693985,4.523057835,397.9608631
yjlB,17.38628703,3.539004901,508.6175493
yjlC,1502.478428,40.69601027,44.23038003
ndh,1185.29,32.7599558,54.94512908
uxaC,10.3629,3.363279758,535.191875
exuM,3.3908,3.188837816,564.4689708
yjmC,0.781763255,3.123559717,576.2655954
yjmD,0.707533,3.121702476,576.6084417
uxuA,2.06934,3.155774887,570.38289
uxuB,0.962318722,3.128077214,575.4333658
exuT,1.70611,3.146686872,572.0302252
exuR,27.8107,3.799823714,473.7061863
uxaB,2.98463,3.178675443,566.2736044
uxaA,4.00468,3.204197094,561.763196
yjnA,1.516768026,3.141949536,572.892715
yjoA,308.549,10.82389598,166.2987157
yjoB,90.0641,5.357403782,335.9836356
rapA,14.4497,3.465531494,519.4008489
phrA,7.005818333,3.279285575,548.9000451
yjpA,9.64674181,3.34536148,538.0584462
xlyB,9.39502,3.3390634,539.0733221
yjqA,79.017,5.08100534,354.2605999
pghB,585.2400224,17.74670536,101.427277
xpdC,585.2400224,17.74670536,101.427277
xkdA,11.1136,3.382062272,532.2196504
xre,54.6607,4.471610714,402.5395132
yjzJ,1.098949041,3.131495705,574.8051952
xkdB,2.64231,3.170110596,567.8035341
xkdC,3.3204,3.187076408,564.780937
ykzK,5.617834946,3.24455823,554.775064
xkdD,4.77541,3.223480758,558.4025887
xtrA,6.74786,3.272831457,549.9824918
xpf,1.50636,3.141689127,572.940201
xtmA,11.9318,3.402533636,529.0175477
xtmB,14.8406,3.475311812,517.9391368
xkdE,10.9517,3.378011534,532.8578609
xkdF,17.3757,3.538740014,508.6556212
xkdG,19.6488,3.595612976,500.6100523
ykzL,12.32982837,3.412492306,527.4737168
xkdH,15.2592,3.485785184,516.3829396
xkdI,13.0771,3.431189042,524.5994837
xkdJ,9.939322361,3.352681845,536.8836302
ykzM,17.97967236,3.553851402,506.4927585
xkdK,19.3419,3.587934338,501.6814218
xkdM,19.35860875,3.588352391,501.6229745
xkdN,619.444,18.60248888,96.76124585
xkzB,0.163587276,3.108092954,579.1332585
xkdO,11.1337,3.382565174,532.1405228
xkdP,9.80587,3.349342867,537.4188524
xkdQ,8.42655,3.314832281,543.0138986
xkdR,7.84723,3.300337695,545.3987339
xkdS,5.84736,3.250300947,553.7948729
xkdT,6.196500807,3.25903645,552.3104843
xkdU,7.31776,3.287090355,547.5967514
xkzA,7.16312,3.283221262,548.2420636
xkdV,8.78644,3.323836729,541.5428455
xkdW,6.697161705,3.271562986,550.1957345
xkdX,10.43176739,3.36500282,534.9178281
xepA,7.53833,3.292609017,546.6789379
xhlA,15.74397508,3.497914257,514.5923736
xhlB,12.26378134,3.410839809,527.7292693
xlyA,17.4471,3.540526442,508.398971
spoIISC,585.2400224,17.74670536,101.427277
spoIISB,99.37637679,5.590396947,321.9807139
spoIISA,81.85771402,5.152080005,349.3734566
pitB,585.2400224,17.74670536,101.427277
ykaA,922.805,26.1925811,68.72174961
steT,585.2400224,17.74670536,101.427277
mhqA,18.3842,3.563972684,505.054376
,585.2400224,17.74670536,101.427277
ykcB,1.75332,3.147868066,571.8155787
ykcC,3.90397,3.201677329,562.2053114
htrA,41.1747,4.134190994,435.3935274
proCC,585.2400224,17.74670536,101.427277
dppA,1.1349867,3.132397367,574.6397372
dppB,0.477155,3.115938418,577.675088
dppC,0.31427,3.111863035,578.4316275
dppD,0.60048,3.11902401,577.103605
dppE,1.55486,3.142902597,572.7189896
ldcA,1.58166,3.143573133,572.5968265
aeeB,585.2400224,17.74670536,101.427277
eepC,585.2400224,17.74670536,101.427277
ykfD,3.85651,3.20048988,562.4139014
pgl,158.349,7.06589198,254.7449077
ddaH,585.2400224,17.74670536,101.427277
ykhA,148.3056537,6.814607456,264.1384719
hmpA,585.2400224,17.74670536,101.427277
ykzH,1.32641038,3.137186788,573.7624572
ykjA,1.36755,3.138216101,573.5742671
ykkA,1.54319,3.142610614,572.7722016
ykkB,1.70452,3.14664709,572.0374571
gdwA,585.2400224,17.74670536,101.427277
gdnC,585.2400224,17.74670536,101.427277
gdnD,585.2400224,17.74670536,101.427277
purU,327.1806415,11.29005965,159.4322843
pswB,585.2400224,17.74670536,101.427277
proB,190.927,7.88099354,228.3975987
proA,261.696,9.65163392,186.4969201
ohrA,22.99343526,3.67929575,489.2240587
ohrR,42.3132,4.162676264,432.4141216
ohrB,90.345,5.3644319,335.5434524
ykzN,18.19977003,3.559358246,505.7091407
guaN,585.2400224,17.74670536,101.427277
metE,4.54619,3.217745674,559.3978463
mswB,585.2400224,17.74670536,101.427277
ispA,127.296,6.28894592,286.2164857
rsbRB,130.553,6.37043606,282.5552259
thiX,9.31205,3.336987491,539.4086747
thiW,10.2098,3.359449196,535.8021196
thiV,8.26445,3.310776539,543.6790973
thiU,8.80244,3.324237049,541.4776304
tswB,585.2400224,17.74670536,101.427277
ykoG,16.22095763,3.50984836,512.8426688
ykoH,16.3728,3.513647456,512.2881628
ykoI,19.8274,3.600081548,499.9886741
ykoJ,36.0774,4.006656548,449.2523825
ykzD,2.856210314,3.175462382,566.8465828
swmG,585.2400224,17.74670536,101.427277
mgtE,251.7399793,9.402534282,191.4377492
tnrA,26.496,3.76692992,477.8427096
ykzB,38.45119241,4.066048834,442.690207
ykoL,4.325931307,3.212234801,560.3575428
ykoM,24.7821,3.724048142,483.3449868
ykoN,1.12043,3.132033159,574.7065592
ykoP,0.469212,3.115739684,577.7119344
ykoQ,9.42086,3.339709917,538.9689658
ykoS,1.514486817,3.14189246,572.9031222
ykoT,2.70913,3.171782433,567.5042467
ligD,585.2400224,17.74670536,101.427277
ligV,585.2400224,17.74670536,101.427277
dgcW,585.2400224,17.74670536,101.427277
ykoX,137.0557708,6.533135385,275.5185518
mnrW,585.2400224,17.74670536,101.427277
ykoY,14.2609,3.460807718,520.1097971
sigI,63.3121,4.688068742,383.9534143
rsgI,65.8385,4.75127927,378.8453378
sspD,57.36979828,4.539392353,396.5288435
htpK,146.678,6.77388356,265.7264454
htpX,913.557,25.96119614,69.33424756
ktrD,129.317,6.33951134,283.9335563
ykzP,6.26773,3.260818605,552.0086267
ykzE,2.463230511,3.165630027,568.6071918
ykrP,7.55523,3.293031855,546.6087422
kinE,3.79077,3.198845065,562.7030891
ogt,42.67373915,4.171696954,431.4790887
,585.2400224,17.74670536,101.427277
mtnA,3.37584,3.188463517,564.5352348
mtnK,2.900977848,3.176582466,566.646709
mswC,585.2400224,17.74670536,101.427277
mtnU,12.2071,3.409421642,527.9487811
mtnE,13.9836,3.453869672,521.1545805
mswD,585.2400224,17.74670536,101.427277
mtnW,9.01287,3.329502007,540.621389
mtnX,28.4545,3.81593159,471.7065696
mtnB,585.2400224,17.74670536,101.427277
mtnD,27.5286,3.792765572,474.5877291
ykvA,57.20950663,4.535381856,396.8794816
spo0E,130.777376,6.376049948,282.306446
eag,15.18908192,3.48403083,516.6429598
kinD,69.6235,4.84597997,371.4418985
mhqR,426.1342717,13.76587948,130.7580822
motB,67.5123824,4.793159808,375.5351526
motA,44.3554,4.213772108,427.1707045
clpE,17.9178,3.552303356,506.7134813
ykvI,1.82852,3.14974957,571.4740044
qswA,585.2400224,17.74670536,101.427277
queC,156.2546815,7.013492131,256.6481813
queD,127.6527736,6.297872395,285.8108083
queE,221.225,8.6390495,208.3562549
queF,310.402,10.87025804,165.5894454
ykvN,14.9332,3.477628664,517.5940774
ykvO,4.727863817,3.222291153,558.6087398
ykvP,3.39502,3.1889434,564.4502815
ykzQ,9.884781269,3.351317227,537.1022431
ykvQ,10.2579,3.360652658,535.6102469
ykzR,15.19853362,3.484267311,516.6078946
ykvR,19.10341436,3.581967427,502.5171324
ykvS,130.1127184,6.359420214,283.0446706
ykzS,68.84636032,4.826535935,372.9382779
ykvT,18.8989,3.576850478,503.2360204
ykvU,2.73167,3.172346383,567.4033609
stoA,33.658,3.94612316,456.143898
pfeT,585.2400224,17.74670536,101.427277
papB,585.2400224,17.74670536,101.427277
ykvZ,49.5245,4.34310299,414.4502224
glcT,307.717,10.80307934,166.6191595
gswA,585.2400224,17.74670536,101.427277
ptsG,1316.37,36.0395774,49.94509175
ptsH,3701.552152,95.71683484,18.80546931
ptsI,3652.753756,94.49589898,19.04844569
splA,25.4613418,3.741042772,481.1492703
splB,25.3842,3.739112684,481.3976342
ykwB,0.85463,3.125382843,575.9294431
mcpC,14.3017,3.461828534,519.9564283
ohaC,585.2400224,17.74670536,101.427277
ykwD,13.4667968,3.440939256,523.1129834
pbpH,30.6769,3.871536038,464.9317435
kinA,7.69612,3.296556922,546.0242436
dapX,299.845,10.6061219,169.7133049
ykzT,260.4467703,9.620378193,187.1028315
cheV,32.58367429,3.919243531,459.2723024
kre,585.2400224,17.74670536,101.427277
ykuC,113.592,5.94607184,302.7208632
ltdD,585.2400224,17.74670536,101.427277
ppeE,585.2400224,17.74670536,101.427277
fadH,4.918880341,3.227070386,557.7814502
ykuG,33.851,3.95095202,455.5863981
ykzU,585.2400224,17.74670536,101.427277
ykuH,51.0551,4.381398602,410.8277204
ykuI,74.59506101,4.970368426,362.1461923
fsrA,585.2400224,17.74670536,101.427277
ykuJ,1074.771326,29.99477858,60.01044466
ykuK,1219.637808,33.61933796,53.54061411
abbA,535.322,16.49775644,109.1057446
ykuL,81.6902,5.147888804,349.6579022
ccpC,142.822,6.67740644,269.5657388
fldN,585.2400224,17.74670536,101.427277
ykuO,44.21408395,4.21023638,427.5294395
fldP,585.2400224,17.74670536,101.427277
dapH,612.2428646,18.42231647,97.70758214
dapI,585.2400224,17.74670536,101.427277
ykuS,131.50645,6.394291379,281.5010911
mscT,585.2400224,17.74670536,101.427277
ahpA,585.2400224,17.74670536,101.427277
ykuV,19.8949,3.601770398,499.7542323
rok,468.0312211,14.81414115,121.5055251
sppO,585.2400224,17.74670536,101.427277
mobA,81.91025524,5.153394586,349.2843348
moeB,97.1831,5.535521162,325.1726346
moeA,108.136,5.80956272,309.8339904
mobB,108.1233715,5.809246755,309.8508423
moaE,142.971,6.68113442,269.4153248
moaD,84.79778986,5.225640702,344.4553697
yknU,1.2183,3.134481866,574.2575893
yknV,1.43657,3.139942981,573.2588173
skiW,585.2400224,17.74670536,101.427277
skiX,585.2400224,17.74670536,101.427277
skiY,585.2400224,17.74670536,101.427277
skiZ,585.2400224,17.74670536,101.427277
fruR,119.911,6.10417322,294.8802295
fruK,139.272,6.58858544,273.1997659
fruA,117.865,6.0529823,297.3740729
sipT,243.4032563,9.193949473,195.7809324
ykoA,102.8933419,5.678391414,316.9911809
ykpA,568.506,17.32802012,103.8779957
panE,73.8112,4.950756224,363.5808185
ampS,109.566,5.84534132,307.9375355
ykpC,31.73,3.8978846,461.7889406
mreBH,32.03111051,3.905418385,460.8981222
abhA,585.2400224,17.74670536,101.427277
kinC,86.0712919,5.257503723,342.3678032
ykqA,86.5329,5.269053158,341.6173544
ktrC,202.915,8.1809333,220.0237961
adeC,326.701,11.27805902,159.6019312
rnjA,776.367,22.52870234,79.89807725
rnpZA,596.1587485,18.01989189,99.8896115
ykrA,71.5548,4.894301096,367.774676
defB,153.229,6.93778958,259.4486297
ykzV,6.890906162,3.276410472,549.3817137
,585.2400224,17.74670536,101.427277
ykyA,44.58906438,4.219618391,426.5788593
pdhA,3873.33,100.0147166,17.9973514
pdhB,3197.4,83.102948,21.65988143
pdhC,3822.27,98.7371954,18.23021196
pdhD,3167.88,82.3643576,21.85411327
slp,16.5755,3.51871901,511.5497983
srrA,585.2400224,17.74670536,101.427277
rgpA,11.0581,3.380673662,532.4382593
speA,281.558,10.14858116,177.3646948
yktA,132.2021355,6.41169743,280.7368906
yktB,194.293,7.96521086,225.9827181
ykzI,9.205670552,3.334325877,539.8392558
suhB,102.8398044,5.677051906,317.0659754
ykzC,88.0738,5.307606476,339.135919
yktD,33.8134,3.950011268,455.6949026
nprE,10.2278,3.359899556,535.7303009
ylaA,9.29274,3.336504355,539.4867827
ylaB,14.4854,3.466424708,519.2670119
sigP,585.2400224,17.74670536,101.427277
sigQ,585.2400224,17.74670536,101.427277
ylaE,14.493,3.46661486,519.2385289
ylaF,61.24890382,4.636447574,388.2282656
bipA,1332.97,36.4549094,49.37606566
ylaH,1024.944907,28.74812157,62.61278656
ylaI,120.18564,6.111044713,294.5486549
ylaJ,2.43887,3.165020527,568.7166906
ylaK,11.50742997,3.391915898,530.673535
ylaL,111.802,5.90128604,305.0182601
glsB,11.8654,3.400872308,529.275973
ylaN,565.325956,17.24845542,104.3571703
ftsW,134.885,6.4788227,277.8282542
pycA,405.515,13.2499853,135.8492073
ctaA,254.565,9.4732163,190.0093847
ctaB,641.674,19.15868348,93.95217588
ctaC,9.06425,3.330787535,540.4127346
ctaD,10.2139,3.359551778,535.7857592
ctaE,11.12508945,3.382349738,532.174417
ctaF,10.6068638,3.369383732,534.2223217
ctaG,8.04649,3.30532318,544.576098
ylbA,21.8692,3.651167384,492.9930104
ylbB,47.3936,4.289787872,419.6011676
ylbC,99.7873,5.600678246,321.3896462
ylbD,9.68547,3.346330459,537.9026435
ylbE,8.393822465,3.314013438,543.1480691
ricF,585.2400224,17.74670536,101.427277
ylbG,206.1200405,8.261123413,217.8880414
csfG,585.2400224,17.74670536,101.427277
rsmD,212.122,8.41129244,213.9980286
coaD,235.675,9.0005885,199.9869231
spoVV,585.2400224,17.74670536,101.427277
ylbK,69.84718094,4.851576467,371.0134246
ylbL,93.6878,5.448068756,330.3923061
ylbM,25.4253,3.740141006,481.2652777
ylzH,311.9779465,10.90968822,164.9909661
ylbN,7227.410448,183.9338094,9.786129074
rpmF,6357.57201,162.1704517,11.09943261
gerR,33.72480821,3.947794701,455.9507614
ylbP,6.79606,3.274037421,549.7799104
panE,73.8112,4.950756224,363.5808185
bshC,231.623,8.89920746,202.2652026
mraZ,544.245,16.7210099,107.6490003
rsmH,585.2400224,17.74670536,101.427277
ftsL,569.508,17.35309016,103.727923
pbpB,274.688,9.97669376,180.4204923
spoVD,6.06891,3.255844128,552.8520191
murE,342.821,11.68138142,154.0913643
mraY,330.9758475,11.3850157,158.1025487
murD,382.062,12.66319124,142.1442641
spoVE,309.8196973,10.85568883,165.8116798
murG,234.869,8.98042238,200.4360067
murB,306.164,10.76422328,167.2206116
divIB,162.696,7.17465392,250.8831813
ylxW,167.911,7.30513322,246.4020773
ylxX,206.215,8.2634993,217.8253951
sbp,157.3243524,7.040255297,255.6725465
ftsA,538.487,16.57694474,108.5845449
ftsZ,637.803,19.06183106,94.42954322
bpr,2.64621,3.170208174,567.7860573
spoIIGA,1.8524,3.150347048,571.3656218
sigE,1.790249038,3.148792031,571.6477882
sigG,12.9334,3.427593668,525.1497623
ylmA,5.03671,3.230018484,557.2723527
tswE,585.2400224,17.74670536,101.427277
thiQ,3.13155,3.182351381,565.619501
ylmC,8.872852434,3.325998768,541.1908198
ylmD,362.9,12.183758,147.7376685
ylmE,423.4854637,13.6996063,131.3906371
sepF,615.392,18.50110784,97.29147117
ylmG,504.7231218,15.73217251,114.4152214
ylmH,254.818,9.47954636,189.882504
divIVA,693.9133609,20.46571229,87.95198401
iswA,1102.33,30.6842966,58.66192807
ileS,631.661,18.90815822,95.19700328
ylyA,6.58052,3.26864461,550.6869711
lspA,303.993,10.70990486,168.0687199
rluD,418.328,13.57056656,132.6400038
pyaA,585.2400224,17.74670536,101.427277
pyrR,611.082,18.39327164,97.86187228
pyaB,585.2400224,17.74670536,101.427277
pyrP,149.274,6.83883548,263.2027054
pyaC,585.2400224,17.74670536,101.427277
pyrB,39.9706,4.104064412,438.5896076
pyrC,43.6661,4.196525822,428.92623
pyrAA,56.41753084,4.515566622,398.6210704
pyrAB,59.9666,4.604364332,390.9334428
pyrK,53.807,4.45025114,404.4715553
pyrD,54.967,4.47927434,401.8508051
pyrF,71.1337,4.883765174,368.5680896
pyrE,82.8964,5.178067928,347.6200052
mswE,585.2400224,17.74670536,101.427277
cysH,17.06749139,3.531028635,509.7664693
cysP,10.2083,3.359411666,535.8081054
sat,12.5214,3.417285428,526.7338763
cysC,10.817,3.37464134,533.3900165
sumT,17.415,3.5397233,508.5143237
sirB,67.0859,4.782489218,376.3730388
sirC,56.62960507,4.520872719,398.1532133
fbnA,585.2400224,17.74670536,101.427277
tcaB,585.2400224,17.74670536,101.427277
yloC,426.425,13.7731535,130.6890248
remA,585.2400224,17.74670536,101.427277
gmk,875.409,25.00673318,71.98061366
rpoZ,680.1221317,20.12065574,89.46030506
coaBC,94.4742,5.467744484,329.2033864
priA,90.1744,5.360163488,335.8106528
defA,159.346,7.09083692,253.8487375
fmt,203.884,8.20517768,219.3736772
rsmB,214.995,8.4831749,212.1847093
rlmN,255.7615051,9.503152858,189.4108226
prpC,253.586,9.44872172,190.5019592
prkC,257.839,9.55513178,188.3804474
rsgA,585.2400224,17.74670536,101.427277
rpe,187.988926,7.807482929,230.5480545
thiN,93.75292569,5.449698201,330.2935197
spoVM,585.2400224,17.74670536,101.427277
rpmB,8972.46,227.5949492,7.908787108
yloU,388.4765287,12.82368275,140.3652941
yloV,365.604,12.25141208,146.9218396
sdaAB,147.8193591,6.802440365,264.6109195
sdaAA,133.081,6.43368662,279.7773821
recG,82.3155,5.16353381,348.5984727
fapR,652.4765617,19.42896357,92.64518888
plsX,626.147,18.77019794,95.89669783
fabD,861.048,24.64742096,73.02995323
fabG,1190.43,32.8885586,54.73027936
acpA,5899.82,150.7174964,11.94287354
rnc,451.976,14.41243952,124.8921113
smc,232.736,8.92705472,201.6342519
ftsY,303.4050916,10.69519539,168.2998706
ylqB,10.3467,3.362874434,535.2563812
ylxM,1800.61,48.1552622,37.3790925
ffh,1351.69,36.9232838,48.74972686
rpsP,5070.98,129.9799196,13.84829292
ylqC,4303.13,110.7683126,16.2501347
ylqD,413.267,13.44394034,133.8893178
rimM,406.804,13.28223608,135.51935
trmD,315.395,10.9951829,163.7080544
,585.2400224,17.74670536,101.427277
rplS,19391.02507,488.2674473,3.68650421
rbgA,279.471,10.09636442,178.2819959
rnhB,70.4466,4.866573932,369.8700616
ylqG,70.0556,4.856791112,370.6150745
ylqH,47.17059286,4.284208233,420.147645
sucC,301.918481,10.65800039,168.8872146
sucD,253.426,9.44471852,190.5827046
dprA,14.791,3.47407082,518.1241527
topA,418.538,13.57582076,132.5886686
trmFO,270.9068969,9.88209056,182.1476932
codV,687.082,20.29479164,88.69270658
clpQ,780.8126825,22.63993332,79.50553453
clpY,823.0463378,23.69661937,75.96020224
codY,859.067,24.59785634,73.17710841
flgB,102.7554879,5.674942307,317.1838413
flgC,90.294,5.36315588,335.623286
fliE,101.3890501,5.640754034,319.1062736
fliF,80.1968,5.110523936,352.2143762
fliG,99.0722,5.582786444,322.4196408
fliH,98.9637,5.580071774,322.5764959
fliI,101.022,5.63157044,319.6266511
fliJ,126.992,6.28133984,286.5630655
ylxF,102.2613715,5.662579515,317.876331
fliK,116.862,6.02788724,298.6120888
flgD,105.614,5.74646228,313.2361986
flgE,112.272,5.91304544,304.4116637
swrD,585.2400224,17.74670536,101.427277
fliL,92.66750787,5.422541047,331.9476947
fliM,108.4023826,5.816227613,309.4789475
fliY,115.459,5.99278418,300.3612254
cheY,124.289,6.21371078,289.6819733
fliZ,92.27529847,5.412727968,332.5495038
fliP,89.66,5.3472932,336.6189084
fliQ,83.53967382,5.194162639,346.5428646
fliR,73.7801,4.949978102,363.6379723
flhB,76.1543021,5.009380639,359.3258588
flhA,78.8365,5.07648923,354.5757547
flhF,73.9636,4.954569272,363.3010058
flhG,585.2400224,17.74670536,101.427277
cheB,65.4185,4.74077087,379.685087
cheA,83.5848,5.195291696,346.4675528
cheW,70.86799859,4.877117325,369.0704734
cheC,79.522,5.09364044,353.3818339
cheD,74.30492847,4.96310931,362.6758726
sigD,106.632,5.77193264,311.8539512
swrB,585.2400224,17.74670536,101.427277
rpsB,7018.305207,178.7019963,10.0726351
tsf,4343.72,111.7838744,16.10250145
pyrH,1241.61,34.1690822,52.67920249
frr,1160.25,32.133455,56.01638542
uppS,459.27,14.5949354,123.3304534
cdsA,372.25,12.417695,144.954438
dxr,470.635,14.8792877,120.9735329
rasP,585.2400224,17.74670536,101.427277
proS,724.621603,21.23403251,84.76957918
polC,209.084,8.33528168,215.9495107
surG,585.2400224,17.74670536,101.427277
rimP,1347.13,36.8091926,48.9008281
nusA,1144.44,31.7378888,56.71454744
rulR,585.2400224,17.74670536,101.427277
rulQ,585.2400224,17.74670536,101.427277
infB,1328.22,36.3360644,49.53756082
ylxP,1253.174459,34.45842496,52.2368623
rbfA,1203.68,33.2200736,54.18410632
truB,190.697,7.87523894,228.5644936
ribC,322.397,11.17037294,161.1405465
rpsO,585.2400224,17.74670536,101.427277
pnpA,1674.77,45.0067454,39.99400499
ylxY,258.385,9.5687927,188.1115054
mlpA,220.48,8.6204096,208.8067834
ymxH,14.214662,3.459650843,520.2837169
spoVFA,3.28109,3.186092872,564.955283
spoVFB,4.25424686,3.210441256,560.6705921
asd,471.551,14.90220602,120.7874859
dapG,298.9248084,10.58309871,170.0825108
dapA,489.096,15.34118192,117.3312467
rnjB,557.621,17.05567742,105.5367052
tepA,11.0407,3.380238314,532.5068332
tepJ,585.2400224,17.74670536,101.427277
spoIIIE,94.7356,5.474284712,328.8100811
ymfC,197.3671624,8.042126403,223.8214012
bcbE,585.2400224,17.74670536,101.427277
ymfF,161.035,7.1330957,252.344855
ymfH,181.755,7.6515101,235.2476801
efpI,585.2400224,17.74670536,101.427277
ymfJ,18.6782,3.571328564,504.0141134
ymfKn,585.2400224,17.74670536,101.427277
ymfKc,585.2400224,17.74670536,101.427277
rodZ,585.2400224,17.74670536,101.427277
pgsA,193.750158,7.951628953,226.3687114
cinA,232.597,8.92357694,201.7128347
recA,589.9571726,17.86472846,100.757199
pbpX,108.799,5.82615098,308.9518288
rny,1896.41,50.5521782,35.60677431
pdeB,585.2400224,17.74670536,101.427277
spoVS,157.1789055,7.036616216,255.804771
tdh,10.815,3.3745913,533.3979258
kbl,6.49632,3.266537926,551.0421249
miaB,281.005,10.1347451,177.6068349
ricA,585.2400224,17.74670536,101.427277
cotE,5.15915,3.233081933,556.7443193
mutS,108.514,5.81902028,309.3304222
mutL,119.193,6.08620886,295.7506128
surX,585.2400224,17.74670536,101.427277
ymzD,26.96521462,3.77866967,476.3581253
ymcC,17.1889,3.534066278,509.3283086
pksA,41.9645,4.15395179,433.3223135
pksB,9.835206441,3.350076865,537.3011046
,585.2400224,17.74670536,101.427277
pksC,14.4997,3.466782494,519.2134214
pksD,3.86808,3.200779362,562.3630362
pksE,1.01042,3.129280708,575.2120592
acpK,585.2400224,17.74670536,101.427277
pksF,0.382268,3.113564345,578.1155616
pksG,0.423945,3.114607104,577.9220107
pksH,0.664284,3.120620386,576.8083834
pksI,0.547501299,3.117698483,577.3489675
pksJ,1.35539,3.137911858,573.6298792
pksL,2.65858,3.170517672,567.7306315
pksM,4.12486,3.207203997,561.2365168
pksN,2.22587,3.159691267,569.6759106
pksR,6.14642,3.257783428,552.5229161
pksS,45.5855,4.24454921,424.0733022
ymzB,10.4989,3.366682478,534.6509544
ymaE,3.67759,3.196013302,563.201661
aprX,2.289697086,3.161288221,569.3881336
ymzEn,585.2400224,17.74670536,101.427277
ymzEc,585.2400224,17.74670536,101.427277
pghC,585.2400224,17.74670536,101.427277
ymaD,48.68248497,4.322035774,416.4704075
ebrB,30.89603181,3.877018716,464.2742612
ebrA,38.46253733,4.066332684,442.659305
ymaG,2.670104115,3.170806005,567.6790056
ymaF,2.12683,3.157213287,570.1230283
miaA,91.3714,5.390112428,333.9447969
hfq,88.10387406,5.308358929,339.0878469
ymzC,10.01005746,3.354451638,536.600373
ymzA,110.127,5.85937754,307.1998668
nrdI,575.191,17.49527882,102.8848993
nrdE,601.7248927,18.15915682,99.12354512
nrdF,637.2082728,19.04695099,94.50331454
ymaB,205.847,8.25429194,218.0683713
cwlC,14.3379,3.462734258,519.8204268
spoVK,8.29023,3.311421555,543.5731967
hflX,131.386,6.39127772,281.6338264
ynbB,132.289,6.41387078,280.6417625
glnR,1550.24,41.8910048,42.96865183
glnA,3204.48,83.2800896,21.6138096
ynxB,585.2400224,17.74670536,101.427277
ynzF,19.00136485,3.579414149,502.8755895
ynzG,4.06478,3.205700796,561.4996891
ynaB,47.48806155,4.2921513,419.3701187
ynaC,29.69046499,3.846855434,467.9146464
ynaD,2.85896,3.175531179,566.8343022
ynaE,19.39444759,3.589249079,501.4976561
ynaF,16.44987187,3.515575794,512.0071662
ynaG,16.1105,3.50708471,513.2467986
ynzI,13.81513985,3.449654799,521.79134
ynaI,6.483021135,3.266205189,551.0982611
xynP,2.205050253,3.159170357,569.7698435
xynB,4.60662,3.219257632,559.1351192
xylR,25.67701066,3.746438807,480.456266
xylA,12.4752,3.416129504,526.9121085
xylB,11.8418,3.400281836,529.3678838
yncB,28.8439,3.825674378,470.5052815
yncC,9.43743,3.340124499,538.9020681
alrB,1.06087,3.130542967,574.9801292
yncE,27.1602,3.783548204,475.7439057
dutA,585.2400224,17.74670536,101.427277
cotU,15.4309,3.490081118,515.7473248
ynzJ,37.67125139,4.04653471,444.8250489
,585.2400224,17.74670536,101.427277
thyA,64.4084,4.715498168,381.7200083
,585.2400224,17.74670536,101.427277
yncM,25.1477,3.733195454,482.1606643
ynzK,16.28159046,3.511365393,512.6211027
cotC,12.61161621,3.419542638,526.386184
tatAC,585.2400224,17.74670536,101.427277
,585.2400224,17.74670536,101.427277
yndA,5.55787,3.243057907,555.0317174
flvS,585.2400224,17.74670536,101.427277
ynzB,16.7518,3.523130036,510.9093282
yndD,1.57882,3.143502076,572.6097697
yndE,1.175623785,3.133414107,574.4532764
yndF,1.68613,3.146186973,572.1211154
yndG,15.2028,3.484374056,516.5920682
yndH,16.5477,3.518023454,511.650938
yndJ,17.7757,3.548748014,507.2211363
yndK,20.54123773,3.617941768,497.5204454
surA,585.2400224,17.74670536,101.427277
pghL,585.2400224,17.74670536,101.427277
yndM,1.669258215,3.145764841,572.1978887
fosB,26.46873683,3.766247795,477.9292542
yzzP,585.2400224,17.74670536,101.427277
ncrF,585.2400224,17.74670536,101.427277
lexA,301.5295137,10.64826843,169.0415687
dinK,585.2400224,17.74670536,101.427277
dinL,585.2400224,17.74670536,101.427277
ynzC,379.3062164,12.59424153,142.9224614
tktA,585.2400224,17.74670536,101.427277
pcfA,11.69538025,3.396618414,529.9388335
yneF,1277.550126,35.06830415,51.32840163
spo0D,585.2400224,17.74670536,101.427277
ccdA,21.8333,3.650269166,493.1143207
yneI,57.66578432,4.546797924,395.8829995
yneJ,213.425,8.4438935,213.1718028
yneK,72.90401444,4.928058441,365.2554087
cotM,6.348086736,3.26282913,551.6684841
sspP,7.646030944,3.295303694,546.2319006
sspO,4.148989341,3.207807713,561.1308909
citB,66.003,4.75539506,378.5174475
yneN,17.1084,3.532052168,509.6187469
ynzL,0.415491911,3.114395608,577.9612569
sspN,0.837203364,3.124946828,576.0098008
sspT,585.2400224,17.74670536,101.427277
yneP,63.9785,4.70474207,382.5927061
yneQ,71.40187131,4.89047482,368.0624206
yneR,272.5331795,9.922780151,181.400774
plsY,183.881,7.70470262,233.6235529
yneT,138.14,6.5602628,274.379252
parE,172.14,7.4109428,242.8840768
parC,236.992571,9.033554126,199.2571224
ynfCc,585.2400224,17.74670536,101.427277
ynfCn,585.2400224,17.74670536,101.427277
alsT,801.249,23.15124998,77.74958162
rnpA,995.5088887,28.0116324,64.25901835
rpmH,585.2400224,17.74670536,101.427277
